pet_id,window_end,general_anomaly_probability,hypoxemia_probability,hypoxemia_alert,fever_probability,fever_alert,abnormal_resting_hr_probability,abnormal_resting_hr_alert,activity_reduction_probability,activity_reduction_alert,general_anomaly_alert,instant_risk_index,longitudinal_risk_index,health_score_0_100,screening_status
P001,2026-01-01 00:14:00,0.47470817120622566,0.06138230854491918,0,0.05810774992646798,0,0.10877056889990078,0,0.05548783039187127,0,0,0.23726165839831903,0.23726165839831903,76.2738341601681,WATCH_PATTERN
P001,2026-01-01 00:19:00,0.7062256809338522,0.05969020130285769,0,0.056965944457797235,0,0.15474375064110776,0,0.05436412032742777,0,0,0.33846524986627613,0.26256255626530833,73.74374437346917,WATCH_PATTERN
P001,2026-01-01 00:24:00,0.8229571984435797,0.05908206878353366,0,0.05645127732472202,0,0.183866198476726,0,0.05422743685407657,0,0,0.3904186383133648,0.29452657677732247,70.54734232226775,WATCH_PATTERN
P001,2026-01-01 00:29:00,0.8249027237354085,0.05876870979999918,0,0.056454261348597205,0,0.18370902793800076,0,0.053895727174360475,0,0,0.39110941020031886,0.31867228513307155,68.13277148669285,WATCH_PATTERN
P001,2026-01-01 00:34:00,0.6536964980544747,0.060371485933983476,0,0.0570871585685041,0,0.1430201766817481,0,0.05482605495092372,0,0,0.3153746244323353,0.3178478699578875,68.21521300421125,WATCH_PATTERN
P001,2026-01-01 00:39:00,0.4357976653696498,0.0619369975384653,0,0.05802917922507041,0,0.10206994645516144,0,0.05546853585573328,0,0,0.22038634127525097,0.29348248778722835,70.65175122127715,WATCH_PATTERN
P001,2026-01-01 00:44:00,0.2840466926070039,0.06305890401023585,0,0.05870946878991834,0,0.08067563333337277,0,0.05628571249430541,0,0,0.15527256181299193,0.25893000629366925,74.10699937063308,WATCH_PATTERN
P001,2026-01-01 00:49:00,0.26264591439688717,0.06324042811068145,0,0.059032419105889335,0,0.07767313851262432,0,0.056564943884490355,0,0,0.14614838172906508,0.2307346001525182,76.92653998474817,WATCH_PATTERN
P001,2026-01-01 00:54:00,0.5992217898832685,0.060714096956480945,0,0.057408074691198616,0,0.13122214384801523,0,0.055276693596544746,0,0,0.2914382393843301,0.24591050996047117,75.40894900395288,WATCH_PATTERN
P001,2026-01-01 00:59:00,0.46108949416342415,0.061655473445192344,0,0.05813983760984272,0,0.10615845714798038,0,0.055328443567377865,0,0,0.23133061036941904,0.24226553506270815,75.7734464937292,WATCH_PATTERN
P001,2026-01-01 01:04:00,0.9922178988326849,0.9592847524208807,1,0.054937164362971566,0,0.2280867602952792,0,0.05732049928988007,0,1,0.642790097788227,0.3423966757440879,65.7603324255912,WATCH_PATTERN
P001,2026-01-01 01:09:00,0.9922178988326849,0.9590183016041728,1,0.055051176838362324,0,0.22535790737490158,0,0.05755005257270857,0,1,0.6423942705909227,0.4173960744557966,58.26039255442035,ATTENTION_PATTERN
P001,2026-01-01 01:14:00,0.9863813229571985,0.9585807478552906,1,0.05538109293523097,0,0.2236936376643621,0,0.05778698854043185,0,1,0.6397461715615285,0.47298359873222956,52.70164012677705,ATTENTION_PATTERN
P001,2026-01-01 01:19:00,0.9844357976653697,0.9586524725385496,1,0.05515150865734789,0,0.2217061847125665,0,0.0579459427944338,0,1,0.6386552117646143,0.5144015019903257,48.55984980096743,ATTENTION_PATTERN
P001,2026-01-01 01:24:00,0.9844357976653697,0.9586291889005429,1,0.05494470640764477,0,0.2218636043488193,0,0.05796508302101026,0,1,0.6386395519217225,0.545461014473175,45.4538985526825,ATTENTION_PATTERN
P001,2026-01-01 01:29:00,0.9785992217898832,0.9585943932938311,1,0.05502068179508216,0,0.21976874168035607,0,0.05781655155369688,0,1,0.6359350691703569,0.5680795281474704,43.19204718525296,ATTENTION_PATTERN
P001,2026-01-01 01:34:00,0.9844357976653697,0.9586451829117358,1,0.0550220347266632,0,0.2226898822337037,0,0.057911951613703806,0,1,0.6387668937711816,0.5857513695533982,41.42486304466018,ATTENTION_PATTERN
P001,2026-01-01 01:39:00,0.9844357976653697,0.9585618044313131,1,0.05525190047214713,0,0.22226341512077902,0,0.05792062516112685,0,1,0.6387301922164341,0.5989960752191572,40.10039247808428,ATTENTION_PATTERN
P001,2026-01-01 01:44:00,0.9863813229571985,0.9583755372021667,1,0.05511459871055542,0,0.2215789870918885,0,0.05777145907570478,0,1,0.6393638236885875,0.6090880123365148,39.091198766348526,ATTENTION_PATTERN
P001,2026-01-01 01:49:00,0.9922178988326849,0.9571093954764587,1,0.055641375465384446,0,0.22562063691179046,0,0.054590050241102875,0,1,0.64190742029854,0.617292864327021,38.270713567297896,ATTENTION_PATTERN
P001,2026-01-01 01:54:00,0.9941634241245136,0.9566444742581597,1,0.05592541758612958,0,0.22938343289391844,0,0.05254063496917947,0,1,0.6430202117909283,0.6237247011929978,37.627529880700216,ATTENTION_PATTERN
P001,2026-01-01 01:59:00,0.9727626459143969,0.057465950068536685,0,0.056494759358707396,0,0.22284404821446463,0,0.05237118304517346,0,1,0.4571300020282471,0.5820760264018101,41.79239735981899,ATTENTION_PATTERN
P001,2026-01-01 02:04:00,0.6926070038910506,0.05957118299419012,0,0.057592824074981626,0,0.15020218631456217,0,0.05366767992812632,0,0,0.33224202311257234,0.5196175255795007,48.03824744204993,ATTENTION_PATTERN
P001,2026-01-01 02:09:00,0.7937743190661478,0.0585756360690438,0,0.057196541505018905,0,0.17324629653538676,0,0.052681985441980515,0,0,0.37680463138970915,0.4839143020320528,51.60856979679471,ATTENTION_PATTERN
P001,2026-01-01 02:14:00,0.7762645914396887,0.05869939646475246,0,0.057352484846659016,0,0.16911160658292995,0,0.052785133254356735,0,0,0.3690708869494581,0.45520344826140413,54.479655173859584,ATTENTION_PATTERN
P001,2026-01-01 02:19:00,0.9066147859922179,0.05791939714974941,0,0.05687982550929991,0,0.2031913828331156,0,0.052152834179438196,0,1,0.427260936023416,0.44821782020190715,55.17821797980928,ATTENTION_PATTERN
P001,2026-01-01 02:24:00,0.9513618677042801,0.057673874908548035,0,0.05671416943936826,0,0.21592201066802505,0,0.05202025202360505,0,1,0.44739193210555905,0.4480113481778201,55.19886518221799,ATTENTION_PATTERN
P001,2026-01-01 02:29:00,0.9416342412451362,0.05758063559311791,0,0.05676620943698411,0,0.2131074711502641,0,0.051865520922007205,0,1,0.44296758487314614,0.4467504073516516,55.32495926483484,ATTENTION_PATTERN
P001,2026-01-01 02:34:00,0.9066147859922179,0.057788877357348965,0,0.0571386700408495,0,0.20322022671661585,0,0.05164023853537389,0,1,0.4272398201349945,0.4418727605474873,55.81272394525128,ATTENTION_PATTERN
P001,2026-01-01 02:39:00,0.8521400778210116,0.05788006115042974,0,0.057393087554442904,0,0.18797005669189065,0,0.05168630730058987,0,0,0.4027257005070016,0.43208599553736593,56.79140044626341,ATTENTION_PATTERN
P001,2026-01-01 02:44:00,0.6848249027237354,0.05930060132986481,0,0.05816596197924553,0,0.1467826880760513,0,0.052863902182394305,0,0,0.328532803509314,0.40619769753035295,59.38023024696471,ATTENTION_PATTERN
P001,2026-01-01 02:49:00,0.48249027237354086,0.06076827657336334,0,0.05888631201068482,0,0.10848898831732941,0,0.05390794856101988,0,0,0.2403062008876249,0.36472482336967094,63.52751766303291,WATCH_PATTERN
P001,2026-01-01 02:54:00,0.7898832684824902,0.0586095516624795,0,0.057546594919130035,0,0.17141302740761874,0,0.052720450090719365,0,0,0.37501354833173284,0.36729700461018644,63.270299538981355,WATCH_PATTERN
P001,2026-01-01 02:59:00,0.6867704280155642,0.05940083558963696,0,0.05798838793381686,0,0.14668487598639593,0,0.05331702362722643,0,0,0.32934854191364493,0.35780988893605103,64.2190111063949,WATCH_PATTERN
P001,2026-01-01 03:04:00,0.72568093385214,0.05907839023232869,0,0.057967148976327515,0,0.1555406601380059,0,0.05303316886299089,0,0,0.3465288688644532,0.3549896339181516,64.50103660818485,WATCH_PATTERN
P001,2026-01-01 03:09:00,0.72568093385214,0.05894713290310994,0,0.05784982788785493,0,0.15539683535702467,0,0.05292653721116078,0,0,0.34645433995697184,0.35285581042785663,64.71441895721433,WATCH_PATTERN
P001,2026-01-01 03:14:00,0.6945525291828794,0.05924132021289932,0,0.05797542279198726,0,0.14819204623398388,0,0.053228513774398425,0,0,0.33272489344393563,0.3478230811818763,65.21769188181237,WATCH_PATTERN
P001,2026-01-01 03:19:00,0.622568093385214,0.059643084347840734,0,0.058324243109431566,0,0.13236451959616072,0,0.053130386680005526,0,0,0.3009805570738524,0.33611245015487035,66.38875498451297,WATCH_PATTERN
P001,2026-01-01 03:24:00,0.6984435797665369,0.05902669084825509,0,0.05801209888229477,0,0.14810776729374947,0,0.05296461539257965,0,0,0.33425813399639837,0.3356488711152524,66.43511288847476,WATCH_PATTERN
P001,2026-01-01 03:29:00,0.6342412451361867,0.059640578114947045,0,0.05859672334589556,0,0.13523695295166513,0,0.05308868242196254,0,0,0.306233818565427,0.32829510797779604,67.1704892022204,WATCH_PATTERN
P001,2026-01-01 03:34:00,0.5758754863813229,0.06016335984256753,0,0.05885871113473475,0,0.12332301985808433,0,0.053102702232925646,0,0,0.2806668321565812,0.31638803902249235,68.36119609775076,WATCH_PATTERN
P001,2026-01-01 03:39:00,0.7607003891050583,0.05896750777684363,0,0.05804536904682757,0,0.16179859206195774,0,0.05273277143056225,0,0,0.3617991695242537,0.3277408216479327,67.22591783520673,WATCH_PATTERN
P001,2026-01-01 03:44:00,0.632295719844358,0.059679016517425056,0,0.05849935613499139,0,0.13457725760158334,0,0.05317670923070779,0,0,0.30533847528357044,0.32214023505684214,67.78597649431579,WATCH_PATTERN
P001,2026-01-01 03:49:00,0.5486381322957199,0.06016049204317656,0,0.058817541622002235,0,0.11814244616123723,0,0.05357922499788389,0,0,0.26875231130119104,0.30879325411792935,69.12067458820707,WATCH_PATTERN
P001,2026-01-01 03:54:00,0.6186770428015564,0.05945120675267429,0,0.058663005452591704,0,0.13089578992224932,0,0.05268849106354885,0,0,0.2991540069122538,0.3063834423165105,69.36165576834895,WATCH_PATTERN
P001,2026-01-01 03:59:00,0.4474708171206226,0.06084333259707594,0,0.05912016509629522,0,0.10070621768538086,0,0.05392735893257106,0,0,0.22484422620519026,0.28599863828868044,71.40013617113196,WATCH_PATTERN
P001,2026-01-01 04:04:00,0.6634241245136187,0.059494357969522634,0,0.05840191161799481,0,0.1389875607999488,0,0.05313919390068003,0,0,0.3187251054131104,0.29418025506978795,70.5819744930212,WATCH_PATTERN
P001,2026-01-01 04:09:00,0.5680933852140078,0.059989587523470965,0,0.05863205468713836,0,0.11984968526110322,0,0.05348605745611266,0,0,0.27693440381307866,0.28986879225561063,71.01312077443893,WATCH_PATTERN
P001,2026-01-01 04:14:00,0.7821011673151751,0.058481124101462646,0,0.05794168037650974,0,0.16470706046101954,0,0.05289088808693063,0,0,0.3709240066248374,0.3101325958479173,68.98674041520827,WATCH_PATTERN
P001,2026-01-01 04:19:00,0.8249027237354085,0.05793069780048038,0,0.05771773937510933,0,0.1755853224496094,0,0.052258851493260226,0,0,0.38988260783128,0.330070098843758,66.99299011562421,WATCH_PATTERN
P001,2026-01-01 04:24:00,0.8326848249027238,0.057795323319244946,0,0.05786182662124341,0,0.1782484824053581,0,0.051767331540548495,0,0,0.39341806148901926,0.3459070895050733,65.40929104949267,WATCH_PATTERN
P001,2026-01-01 04:29:00,0.8287937743190662,0.05769383204073067,0,0.05779807309657743,0,0.17671228322685892,0,0.05179104167821998,0,0,0.3915712695323942,0.35732313451190356,64.26768654880965,WATCH_PATTERN
P001,2026-01-01 04:34:00,0.8210116731517509,0.057683555766160376,0,0.05783354509157273,0,0.175121330057563,0,0.051638885402492486,0,0,0.38813347442594126,0.365025719490413,63.4974280509587,WATCH_PATTERN
P001,2026-01-01 04:39:00,0.9202334630350194,0.05683754140409654,0,0.057412056533242474,0,0.20203069349118935,0,0.051332197691703246,0,1,0.43251777207808517,0.3818987326373311,61.81012673626689,WATCH_PATTERN
P001,2026-01-01 04:44:00,0.7412451361867705,0.05817653260994949,0,0.05798674338443532,0,0.1559588218516509,0,0.05230324819724411,0,0,0.3527650772968843,0.3746153188022194,62.53846811977806,WATCH_PATTERN
P001,2026-01-01 04:49:00,0.556420233463035,0.05959683269488691,0,0.05879945068943012,0,0.11807552703948147,0,0.05282946747148434,0,0,0.27177267216392464,0.3489046571426457,65.10953428573542,WATCH_PATTERN
P001,2026-01-01 04:54:00,0.5447470817120622,0.05984304157198543,0,0.05907188464721349,0,0.11506356803289182,0,0.052791501296728036,0,0,0.26663249606774064,0.3283366168739194,67.16633831260805,WATCH_PATTERN
P001,2026-01-01 04:59:00,0.5972762645914397,0.05937992213437067,0,0.05864514553261513,0,0.12446115958760924,0,0.0534489027207105,0,0,0.2894829403702941,0.31862319774801307,68.1376802251987,WATCH_PATTERN
P001,2026-01-01 05:04:00,0.6789883268482491,0.05878904639006744,0,0.058195755568275075,0,0.14094860107887366,0,0.05331653703406979,0,0,0.3252541239513062,0.32028092929883634,67.97190707011637,WATCH_PATTERN
P001,2026-01-01 05:09:00,0.9688715953307393,0.05720814498047214,0,0.0565700415152949,0,0.2130226085586983,0,0.053267785812955715,0,1,0.4541893198735127,0.3537580269425054,64.62419730574946,WATCH_PATTERN
P001,2026-01-01 05:14:00,0.9922178988326849,0.9590105692340487,1,0.05593510205166195,0,0.2211526583418086,0,0.056820043079365445,0,1,0.6418911988201388,0.42579131991191377,57.420868008808625,ATTENTION_PATTERN
P001,2026-01-01 05:19:00,0.9922178988326849,0.9587976543042537,1,0.056202327902274855,0,0.21979053641557547,0,0.05725560615815742,0,1,0.6417402516657478,0.4797785528503723,52.02214471496277,ATTENTION_PATTERN
P001,2026-01-01 05:24:00,0.9766536964980544,0.9582443570296308,1,0.05663999640681197,0,0.2122372927870297,0,0.05680202156350568,0,1,0.6341973271328691,0.5183832464209965,48.16167535790035,ATTENTION_PATTERN
P001,2026-01-01 05:29:00,0.9844357976653697,0.9581161051401548,1,0.056593753262171045,0,0.21205629954702673,0,0.056728125151431545,0,1,0.6373391002429514,0.5481222098764853,45.18777901235147,ATTENTION_PATTERN
P001,2026-01-01 05:34:00,0.9844357976653697,0.9583615639232956,1,0.05658138524993636,0,0.2118753114531614,0,0.057279723642824146,0,1,0.6374061282785275,0.5704431894769959,42.955681052300406,ATTENTION_PATTERN
P001,2026-01-01 05:39:00,1.0,0.9565630727933934,1,0.05702792354549557,0,0.25463784238926174,0,0.053950422589747575,0,1,0.6492481868551838,0.5901444388215429,40.98555611784571,ATTENTION_PATTERN
P001,2026-01-01 05:44:00,1.0,0.9563756279578871,1,0.056863050970853084,0,0.9784696482502099,1,0.052784568202339184,0,1,0.750422270126875,0.6302138966478759,36.978610335212416,ATTENTION_PATTERN
P001,2026-01-01 05:49:00,1.0,0.057972045012391164,0,0.05691224878166406,0,0.97906812282529,1,0.05267851599690906,0,1,0.5744183111570291,0.6162650002751642,38.373499972483586,ATTENTION_PATTERN
P001,2026-01-01 05:54:00,0.9630350194552529,0.05756926672616072,0,0.05653039092048382,0,0.977496108748072,1,0.05253509212014748,0,1,0.5631518397192012,0.6029867101361734,39.701328986382656,ATTENTION_PATTERN
P001,2026-01-01 05:59:00,0.9688715953307393,0.057377135262815994,0,0.05663743252605336,0,0.9778922549811386,1,0.05255371393882861,0,1,0.5639617300154942,0.5932304651060036,40.67695348939964,ATTENTION_PATTERN
P001,2026-01-01 06:04:00,0.9688715953307393,0.057310568055322975,0,0.05666797993002643,0,0.9779302300615236,1,0.05241631962905714,0,1,0.5639589827200417,0.5859125945095132,41.40874054904869,ATTENTION_PATTERN
P001,2026-01-01 06:09:00,0.9688715953307393,0.05741652201959451,0,0.056498152248426664,0,0.9778744303237278,1,0.05211480775045779,0,1,0.5639013397640977,0.5804097808231593,41.95902191768407,ATTENTION_PATTERN
P001,2026-01-01 06:14:00,0.9688715953307393,0.05742978255048268,0,0.0563879167250437,0,0.9778412363320704,1,0.05210910401105172,0,1,0.563870334789784,0.5762749193148154,42.37250806851846,ATTENTION_PATTERN
P001,2026-01-01 06:19:00,0.9708171206225681,0.05723015288705574,0,0.05640746642761949,0,0.9778819807009469,1,0.05212164592588835,0,1,0.5640713716016219,0.573224032386517,42.677596761348305,ATTENTION_PATTERN
P001,2026-01-01 06:24:00,0.9708171206225681,0.057561202617842415,0,0.056341934865242686,0,0.9778655841001124,1,0.05223370146459915,0,1,0.5641274462072612,0.570949885841703,42.9050114158297,ATTENTION_PATTERN
P001,2026-01-01 06:29:00,0.9708171206225681,0.05766302140641385,0,0.05637102167572972,0,0.9778304277101308,1,0.05278131246393801,0,1,0.5641828197863357,0.5692581193278612,43.07418806721388,ATTENTION_PATTERN
P001,2026-01-01 06:34:00,0.9863813229571985,0.057202719346387064,0,0.0568744397127598,0,0.9782601433408911,1,0.05899997032783464,0,1,0.5690681614972641,0.569210629870212,43.0789370129788,ATTENTION_PATTERN
P001,2026-01-01 06:39:00,0.9922178988326849,0.056877320872802874,0,0.057366425126914304,0,0.9786064638954949,1,0.06450114556054924,0,1,0.5720022898039125,0.5699085448536372,43.00914551463628,ATTENTION_PATTERN
P001,2026-01-01 06:44:00,0.9863813229571985,0.05697130859189911,0,0.05792317553974538,0,0.9700515846943712,1,0.8682864222358098,1,1,0.6360298563580752,0.5864388727297467,41.35611272702533,ATTENTION_PATTERN
P001,2026-01-01 06:49:00,0.9708171206225681,0.056994703788501036,0,0.05797218048444459,0,0.21320628468702804,0,0.9421461181787452,1,1,0.5298760957436295,0.5722981784832174,42.77018215167826,ATTENTION_PATTERN
P001,2026-01-01 06:54:00,0.9688715953307393,0.05666103467966971,0,0.05813955157767962,0,0.21361873801266543,0,0.9485517848308378,1,1,0.5296330779860935,0.5616319033589364,43.836809664106354,ATTENTION_PATTERN
P001,2026-01-01 06:59:00,0.9066147859922179,0.05675299966835058,0,0.05805906828280889,0,0.19719660482587154,0,0.9484854608250861,1,1,0.514244309070092,0.5497850047867253,45.02149952132747,ATTENTION_PATTERN
P001,2026-01-01 07:04:00,0.9260700389105059,0.056626480235981214,0,0.05801263344862594,0,0.2024543197461169,0,0.947786150189063,1,1,0.5168582433406547,0.5415533144252077,45.84466855747923,ATTENTION_PATTERN
P001,2026-01-01 07:09:00,0.877431906614786,0.0570490435394299,0,0.05816505278907998,0,0.1894313440788775,0,0.9491388977021475,1,0,0.5102154398318173,0.5337188457768601,46.62811542231399,ATTENTION_PATTERN
P001,2026-01-01 07:14:00,0.9396887159533074,0.05672326806100288,0,0.05767215331399064,0,0.2063282107995043,0,0.9491501118535126,1,1,0.5194114109471568,0.5301419870694344,46.98580129305656,ATTENTION_PATTERN
P001,2026-01-01 07:19:00,0.9377431906614786,0.05698421252215091,0,0.057650753738825,0,0.20511206000943846,0,0.9496320080347552,1,1,0.5192558491232171,0.5274204525828801,47.25795474171199,ATTENTION_PATTERN
P001,2026-01-01 07:24:00,0.9241245136186771,0.057157626373956404,0,0.05762896108495256,0,0.2011833550284695,0,0.9489230178045238,1,1,0.5169386142977822,0.5247999930116056,47.52000069883944,ATTENTION_PATTERN
P001,2026-01-01 07:29:00,0.9377431906614786,0.056977755903068354,0,0.057666296428531855,0,0.20556172303972214,0,0.9474775910559325,1,1,0.5184928515021195,0.5232232076342341,47.67767923657659,ATTENTION_PATTERN
P001,2026-01-01 07:34:00,0.9708171206225681,0.05695013933856079,0,0.05756153774344943,0,0.21411068267010688,0,0.9500541932395729,1,1,0.5305892671536945,0.5250647225140992,47.49352774859008,ATTENTION_PATTERN
P001,2026-01-01 07:39:00,0.9708171206225681,0.05737090012672364,0,0.05740500060894024,0,0.21316561694008654,0,0.8919244813770957,1,1,0.5256302330309259,0.5252061001433059,47.47938998566941,ATTENTION_PATTERN
P001,2026-01-01 07:44:00,0.7431906614785992,0.059140052572328454,0,0.05822334860723918,0,0.15332436892967904,0,0.054783885498162044,0,0,0.3536347834313761,0.4823132709653235,51.768672903467646,ATTENTION_PATTERN
P001,2026-01-01 07:49:00,0.9066147859922179,0.05825294004612739,0,0.057457461749809445,0,0.19357775721899012,0,0.05455634864396841,0,1,0.4262793409485547,0.4683047884611313,53.16952115388687,ATTENTION_PATTERN
P001,2026-01-01 07:54:00,0.8365758754863813,0.0586951930337677,0,0.05802799642854995,0,0.17627027065783987,0,0.05485786896150821,0,0,0.3952081208198682,0.4500306215508155,54.99693784491845,ATTENTION_PATTERN
P001,2026-01-01 07:59:00,0.8560311284046692,0.05821806262295936,0,0.058185708473695384,0,0.18069515415861062,0,0.05392457683585821,0,0,0.40369775023682214,0.43844740372231716,56.15525962776828,ATTENTION_PATTERN
P001,2026-01-01 08:04:00,0.830739299610895,0.05867634122811348,0,0.05818590350083736,0,0.1740117743277998,0,0.05426981622812998,0,0,0.3924606990775945,0.4269507275611365,57.30492724388635,ATTENTION_PATTERN
P001,2026-01-01 08:09:00,0.8365758754863813,0.05868200205322093,0,0.057797603659633094,0,0.1755999852669174,0,0.054472025199000906,0,0,0.39504057857172326,0.4189731903137832,58.10268096862168,ATTENTION_PATTERN
P001,2026-01-01 08:14:00,0.8696498054474708,0.058428345569151934,0,0.0576136716188561,0,0.18521240997948835,0,0.05448746017458959,0,0,0.4099334564596735,0.4167132568502558,58.328674314974414,ATTENTION_PATTERN
P001,2026-01-01 08:19:00,0.9727626459143969,0.058002628645664904,0,0.05751121433252849,0,0.2135528478787592,0,0.05569356697876833,0,1,0.4563842676683894,0.42663100955478916,57.33689904452108,ATTENTION_PATTERN
P001,2026-01-01 08:24:00,0.9863813229571985,0.0589239997768086,0,0.9204302869675192,1,0.2165554517463257,0,0.0575979733973627,0,1,0.6077264902350275,0.47190487972484874,52.809512027515126,ATTENTION_PATTERN
P001,2026-01-01 08:29:00,0.9844357976653697,0.05958230259561448,0,0.9567799634499766,1,0.21751089421846534,0,0.058648650483859,0,1,0.6133827256376981,0.507274341203061,49.2725658796939,ATTENTION_PATTERN
P001,2026-01-01 08:34:00,0.9630350194552529,0.05993599613819359,0,0.95778428241298,1,0.21672946626369305,0,0.059317859275447055,0,1,0.6047504681600853,0.5316433729423171,46.835662705768286,ATTENTION_PATTERN
P001,2026-01-01 08:39:00,0.9649805447470817,0.060183096304788936,0,0.9579149164966889,1,0.23157379947096846,0,0.0593111325513257,0,1,0.607700044343227,0.5506575407925446,44.93424592074554,ATTENTION_PATTERN
P001,2026-01-01 08:44:00,0.9688715953307393,0.06006804755052425,0,0.9577982476034576,1,0.2508708508431111,0,0.059298074548090815,0,1,0.6119614975736233,0.5659835299878142,43.40164700121858,ATTENTION_PATTERN
P001,2026-01-01 08:49:00,0.9610894941634242,0.060062198696977855,0,0.9576275098687352,1,0.2266278260566336,0,0.059373764589881736,0,1,0.6053377760713646,0.5758220915087018,42.41779084912982,ATTENTION_PATTERN
P001,2026-01-01 08:54:00,0.9688715953307393,0.059995397458587264,0,0.9575091440386143,1,0.21921021702390364,0,0.059452227372115134,0,1,0.607479148859239,0.5837363558463361,41.62636441536639,ATTENTION_PATTERN
P001,2026-01-01 08:59:00,0.9688715953307393,0.05981697900025576,0,0.9574047379497316,1,0.20839216803722505,0,0.059253172762362805,0,1,0.6058953911731195,0.589276114678032,41.072388532196804,ATTENTION_PATTERN
P001,2026-01-01 09:04:00,0.9630350194552529,0.059984507400792864,0,0.9572478560534072,1,0.20943214016862424,0,0.05907633357485363,0,1,0.6036279429269871,0.5928640717402708,40.713592825972924,ATTENTION_PATTERN
P001,2026-01-01 09:09:00,0.980544747081712,0.05894172447572315,0,0.9573837283058675,1,0.2173586407650285,0,0.059322224199553256,0,1,0.6117907566901593,0.597595742977743,40.2404257022257,ATTENTION_PATTERN
P001,2026-01-01 09:14:00,0.9863813229571985,0.05790485178555847,0,0.957983305394921,1,0.22335963129947112,0,0.05642346532835451,0,1,0.6146895707841897,0.6018691999293546,39.81308000706454,ATTENTION_PATTERN
P001,2026-01-01 09:19:00,0.9766536964980544,0.05813602349543242,0,0.8233606330951128,1,0.21882965977589583,0,0.05501218591021567,0,1,0.5873577459073656,0.5982413364238574,40.17586635761427,ATTENTION_PATTERN
P001,2026-01-01 09:24:00,0.8287937743190662,0.059318240645656994,0,0.05735362065093348,0,0.1780036878903917,0,0.05527305317760281,0,0,0.3922882712269343,0.5467530701246266,45.32469298753734,ATTENTION_PATTERN
P001,2026-01-01 09:29:00,0.6264591439688716,0.0608254626042784,0,0.05832748759755375,0,0.1321261715511996,0,0.055760945194471855,0,0,0.30300355931550627,0.4858156924223465,51.41843075776536,ATTENTION_PATTERN
P001,2026-01-01 09:34:00,0.4182879377431907,0.06237832024963283,0,0.059263867256346366,0,0.09603905835304298,0,0.05650549196949893,0,0,0.2127090403130527,0.4175390293950231,58.24609706049769,ATTENTION_PATTERN
P001,2026-01-01 09:39:00,0.5155642023346303,0.06162664442535171,0,0.059000122026764676,0,0.1120425573477556,0,0.05553866099043886,0,0,0.25475449972161573,0.3768428969766713,62.315710302332874,WATCH_PATTERN
P001,2026-01-01 09:44:00,0.38910505836575876,0.06251188280030436,0,0.05958822531513959,0,0.09261276997380732,0,0.055656644284306514,0,0,0.20021538084471047,0.3326860179436811,66.7313982056319,WATCH_PATTERN
P001,2026-01-01 09:49:00,0.14007782101167315,0.0646957712179398,0,0.06045966405419071,0,0.06264031212448545,0,0.056664760773395224,0,0,0.09407914057902274,0.2730342986025165,72.69657013974835,WATCH_PATTERN
P001,2026-01-01 09:54:00,0.013618677042801557,0.06566148426163568,0,0.06085895171520429,0,0.05106966560703929,0,0.057601939571430366,0,0,0.05630600801970505,0.21885222595681364,78.11477740431863,WATCH_PATTERN
P001,2026-01-01 09:59:00,0.3093385214007782,0.06313341330167879,0,0.05945698530599216,0,0.08236018209668214,0,0.05646356419491452,0,0,0.16608375824156468,0.20566010902800141,79.43398909719986,WATCH_PATTERN
P001,2026-01-01 10:04:00,0.1575875486381323,0.06453262902239425,0,0.06006022529323257,0,0.06476810143474655,0,0.05722745193523386,0,0,0.10153922333998702,0.1796298876059978,82.03701123940021,STABLE_PATTERN
P001,2026-01-01 10:09:00,0.26848249027237353,0.06377731919201649,0,0.059608794449196326,0,0.07731909864176459,0,0.056774946983697575,0,0,0.14872318737779575,0.17190321254894728,82.80967874510527,STABLE_PATTERN
P001,2026-01-01 10:14:00,0.5175097276264592,0.06155453127129946,0,0.05848389780532955,0,0.11460251074766122,0,0.05517368005657019,0,0,0.2557829313719957,0.1928731422547094,80.71268577452906,STABLE_PATTERN
P001,2026-01-01 10:19:00,0.3424124513618677,0.06292768408095997,0,0.05929922299468013,0,0.08745752874868822,0,0.055679718113252834,0,0,0.1802911758503935,0.1897276506536304,81.02723493463697,STABLE_PATTERN
P001,2026-01-01 10:24:00,0.29377431906614787,0.063295854578577,0,0.059369242874933344,0,0.08117402429259968,0,0.05606338942382105,0,0,0.15948872786820775,0.18216791995727474,81.78320800427252,STABLE_PATTERN
P001,2026-01-01 10:29:00,0.11478599221789883,0.06477184232058183,0,0.06004709056450882,0,0.060809230103990475,0,0.05707742955477404,0,0,0.08338281740060552,0.15747164431810742,84.25283556818925,STABLE_PATTERN
P001,2026-01-01 10:34:00,0.32684824902723736,0.06322260904830027,0,0.05903164518391847,0,0.0857856075546113,0,0.05630079460576479,0,0,0.17370967816811678,0.16153115278060975,83.84688472193902,STABLE_PATTERN
P001,2026-01-01 10:39:00,0.12840466926070038,0.06487826825345742,0,0.05973523418875101,0,0.06223854962577026,0,0.05766611989981407,0,0,0.08921173467598859,0.14345129825445446,85.65487017455456,STABLE_PATTERN
P001,2026-01-01 10:44:00,0.13229571984435798,0.06493645645637725,0,0.059554198447091304,0,0.06264073265584928,0,0.05765444152910024,0,0,0.09085116304070008,0.13030126445101586,86.96987355489841,STABLE_PATTERN
P001,2026-01-01 10:49:00,0.12062256809338522,0.0650182383149825,0,0.05963495212775114,0,0.06162918541697876,0,0.057590631598706477,0,0,0.08592444373434183,0.11920705927184735,88.07929407281526,STABLE_PATTERN
P001,2026-01-01 10:54:00,0.24708171206225682,0.06386926251826218,0,0.05913836321659827,0,0.0758216632861623,0,0.05652016401369956,0,0,0.1396140124808312,0.1243087975740933,87.56912024259067,STABLE_PATTERN
P001,2026-01-01 10:59:00,0.2782101167315175,0.0634995933886706,0,0.05894753127404273,0,0.0798828779581271,0,0.05559895095776172,0,0,0.1528255884461936,0.13143799529211836,86.85620047078817,STABLE_PATTERN
P001,2026-01-01 11:04:00,0.3093385214007782,0.06315341255711705,0,0.058735455160827905,0,0.08422970660584271,0,0.05547954693175113,0,0,0.16614553701241974,0.1401148807221937,85.98851192778064,STABLE_PATTERN
P001,2026-01-01 11:09:00,0.14202334630350194,0.06469017249134701,0,0.059297225666197356,0,0.06428079342670344,0,0.056638534533418085,0,0,0.09491177437781356,0.12881410413609867,87.11858958639014,STABLE_PATTERN
P001,2026-01-01 11:14:00,0.03501945525291829,0.06559936989740545,0,0.05982844670386134,0,0.053940508301892315,0,0.05725807856626097,0,0,0.0588719952655195,0.11132857691845388,88.86714230815461,STABLE_PATTERN
P001,2026-01-01 11:19:00,0.4883268482490272,0.06168789920462219,0,0.057864969085541625,0,0.11139045128806602,0,0.05488611456897868,0,0,0.24320790133319958,0.1442984080221403,85.57015919778597,STABLE_PATTERN
P001,2026-01-01 11:24:00,0.34824902723735407,0.06291452786508933,0,0.058513723447359035,0,0.089677741324301,0,0.05514992443765281,0,0,0.18282762966066868,0.1539307134317724,84.60692865682276,STABLE_PATTERN
P001,2026-01-01 11:29:00,0.5097276264591439,0.061810427615240846,0,0.05748092056971387,0,0.1152278701913276,0,0.0552884984454015,0,0,0.252555556265666,0.1785869241402458,82.14130758597543,STABLE_PATTERN
P001,2026-01-01 11:34:00,0.46108949416342415,0.062070159613394606,0,0.05745494222997448,0,0.10725651557033969,0,0.05583892395286109,0,0,0.23149343496607971,0.1918135518467043,80.81864481532956,STABLE_PATTERN
P001,2026-01-01 11:39:00,0.301556420233463,0.06364612408615854,0,0.05794506367781559,0,0.08338799935580127,0,0.057245268868814175,0,0,0.1629335786497394,0.18459355854746307,81.5406441452537,STABLE_PATTERN
P001,2026-01-01 11:44:00,0.3093385214007782,0.06382248586194945,0,0.057636399124744976,0,0.08431275635119272,0,0.057442075214345904,0,0,0.1662685133061919,0.1800122972371453,81.99877027628547,STABLE_PATTERN
P001,2026-01-01 11:49:00,0.4785992217898833,0.06239909959802834,0,0.057006086215475885,0,0.10994341780998898,0,0.056386763154227824,0,0,0.239118691981199,0.19478889592315873,80.52111040768412,STABLE_PATTERN
P001,2026-01-01 11:54:00,0.38910505836575876,0.06296326422772189,0,0.05748918840727937,0,0.0958437978087518,0,0.056356013038589205,0,0,0.20046230427621575,0.19620724801142297,80.3792751988577,STABLE_PATTERN
P001,2026-01-01 11:59:00,0.5,0.06216509220058135,0,0.057016228280222236,0,0.11386058755351956,0,0.05555834969849049,0,0,0.2483704680545572,0.20924805302220653,79.07519469777935,WATCH_PATTERN
P002,2026-01-01 00:14:00,0.8210116731517509,0.05910527602648219,0,0.057781909423581364,0,0.181343474864853,0,0.054041821251819104,0,0,0.3894764036891058,0.3894764036891058,61.052359631089416,WATCH_PATTERN
P002,2026-01-01 00:19:00,0.9299610894941635,0.05812627070352319,0,0.05722704948855915,0,0.21029976823347415,0,0.05336257483052967,0,1,0.4380752860820147,0.401626124287333,59.837387571266696,ATTENTION_PATTERN
P002,2026-01-01 00:24:00,0.6206225680933852,0.06039079870395508,0,0.05859464539430642,0,0.13466995404250465,0,0.054421673883730724,0,0,0.3008022091988774,0.3764201455152191,62.35798544847809,WATCH_PATTERN
P002,2026-01-01 00:29:00,0.6245136186770428,0.06031475888852745,0,0.05840574364815655,0,0.13561797199214543,0,0.0543370394381663,0,0,0.30248429596168963,0.3579361831268367,64.20638168731632,WATCH_PATTERN
P002,2026-01-01 00:34:00,0.3521400778210117,0.06247750587552148,0,0.059811065609723164,0,0.08916547037115297,0,0.05514189508688102,0,0,0.18449064727555192,0.3145747991640155,68.54252008359845,WATCH_PATTERN
P002,2026-01-01 00:39:00,0.7101167315175098,0.05972873829283926,0,0.05848899447012538,0,0.1541364501756778,0,0.053651503792244794,0,0,0.34018690650473504,0.32097782599919533,67.90221740008047,WATCH_PATTERN
P002,2026-01-01 00:44:00,0.6342412451361867,0.06034523002364303,0,0.058873725159940105,0,0.1376896259261666,0,0.05394476989068498,0,0,0.3068337522080937,0.31744180755141993,68.255819244858,WATCH_PATTERN
P002,2026-01-01 00:49:00,0.8287937743190662,0.05887602583050297,0,0.058254957814266525,0,0.1823676336999692,0,0.052608443282587486,0,0,0.3927401469487637,0.33626639240075584,66.37336075992441,WATCH_PATTERN
P002,2026-01-01 00:54:00,0.7412451361867705,0.05947535383995615,0,0.0584939913777733,0,0.1613784968664086,0,0.05327618717225189,0,0,0.3539453452968131,0.34068613062477016,65.93138693752299,WATCH_PATTERN
P002,2026-01-01 00:59:00,0.914396887159533,0.058053063562030424,0,0.05802975408738653,0,0.20675851864459704,0,0.05257869497825264,0,1,0.4312217196429833,0.36332002787932344,63.66799721206766,WATCH_PATTERN
P002,2026-01-01 01:04:00,0.5972762645914397,0.06034833536019355,0,0.059390267615658375,0,0.1301242598125276,0,0.053350497238841825,0,0,0.29058249784351825,0.34513564537037217,65.48643546296277,WATCH_PATTERN
P002,2026-01-01 01:09:00,0.8560311284046692,0.05862491052932667,0,0.05832203019003438,0,0.18901406814376287,0,0.05251685489688741,0,0,0.4048467937898629,0.36006343247524486,63.993656752475516,WATCH_PATTERN
P002,2026-01-01 01:14:00,0.8832684824902723,0.058640086451208946,0,0.05799886109839437,0,0.19651721271343345,0,0.05306513860522046,0,0,0.4171137618176786,0.3743260148108533,62.567398518914665,WATCH_PATTERN
P002,2026-01-01 01:19:00,0.8540856031128404,0.0589133803390352,0,0.05815953546474003,0,0.18787582783968304,0,0.053665538961959816,0,0,0.40401161415737774,0.3817474146474844,61.82525853525156,WATCH_PATTERN
P002,2026-01-01 01:24:00,0.9299610894941635,0.05817146508629155,0,0.05767505619964545,0,0.20943160187145038,0,0.05302500332884353,0,1,0.4380095100116748,0.395812938488532,60.41870615114679,WATCH_PATTERN
P002,2026-01-01 01:29:00,0.8365758754863813,0.05888461545567205,0,0.058315946640005945,0,0.18306851518434583,0,0.05331850006188992,0,0,0.396116070496229,0.39588872149045623,60.41112785095437,WATCH_PATTERN
P002,2026-01-01 01:34:00,0.9280155642023347,0.05809148841291439,0,0.057986720736586256,0,0.208084717693053,0,0.05262160485615996,0,1,0.43702218854898445,0.40617208825508827,59.38279117449117,ATTENTION_PATTERN
P002,2026-01-01 01:39:00,0.9357976653696498,0.058007843440753847,0,0.05839803721575326,0,0.21024890706658256,0,0.052403707195451336,0,1,0.4405658040926695,0.41477051721448355,58.522948278551645,ATTENTION_PATTERN
P002,2026-01-01 01:44:00,0.8696498054474708,0.058248684737966606,0,0.058609370784004036,0,0.19177964105090833,0,0.052408016330664206,0,0,0.41081025946361505,0.41378045277676645,58.62195472232335,ATTENTION_PATTERN
P002,2026-01-01 01:49:00,0.8268482490272373,0.05874916110389082,0,0.058970318553377726,0,0.18051931066150978,0,0.05249427538535145,0,0,0.3917655503175327,0.40827672716195806,59.172327283804194,ATTENTION_PATTERN
P002,2026-01-01 01:54:00,0.8443579766536965,0.058598552950489165,0,0.0589294478866489,0,0.1851622026957237,0,0.052200334885533946,0,0,0.399568486512362,0.406099666999559,59.390033300044095,ATTENTION_PATTERN
P002,2026-01-01 01:59:00,0.5680933852140078,0.060819755577544043,0,0.06030597116855042,0,0.12295495447596264,0,0.05321723889632682,0,0,0.2777904916516125,0.3740223731625724,62.59776268374275,WATCH_PATTERN
P002,2026-01-01 02:04:00,0.6848249027237354,0.059835481694217665,0,0.05989903223282409,0,0.14633671344031068,0,0.052604644560688765,0,0,0.3288445817741014,0.36272792531545467,63.72720746845453,WATCH_PATTERN
P002,2026-01-01 02:09:00,0.5894941634241245,0.060465714264811427,0,0.06035916790506832,0,0.12670015816115368,0,0.053069719381924854,0,0,0.28705909410533703,0.34381071751292525,65.61892824870748,WATCH_PATTERN
P002,2026-01-01 02:14:00,0.7607003891050583,0.059057366896542736,0,0.05947658423955077,0,0.16414056752889256,0,0.05235199641782618,0,0,0.3623531175283933,0.3484463175167922,65.15536824832078,WATCH_PATTERN
P002,2026-01-01 02:19:00,0.7568093385214008,0.05912837679269631,0,0.059539297116120965,0,0.16333130206614996,0,0.05245415398928687,0,0,0.36066974246205497,0.3515021737531079,64.84978262468921,WATCH_PATTERN
P002,2026-01-01 02:24:00,0.8910505836575876,0.058019332293463524,0,0.059006400855020034,0,0.1974885497504199,0,0.05160948220342122,0,0,0.4203812984102344,0.3687219549173895,63.12780450826105,WATCH_PATTERN
P002,2026-01-01 02:29:00,0.7509727626459144,0.05906294431033874,0,0.05974557922689977,0,0.16158784217448266,0,0.05194741542409401,0,0,0.3580002534051137,0.36604152953932056,63.39584704606794,WATCH_PATTERN
P002,2026-01-01 02:34:00,0.7762645914396887,0.05888005596834689,0,0.05952535814553627,0,0.16831276892851119,0,0.05197101977809134,0,0,0.36929111612274906,0.3668539261851777,63.314607381482226,WATCH_PATTERN
P002,2026-01-01 02:39:00,0.8482490272373541,0.05826145386661702,0,0.059125108363384096,0,0.18653498412900488,0,0.05214487753245085,0,0,0.4013259298754819,0.37547192710775373,62.45280728922462,WATCH_PATTERN
P002,2026-01-01 02:44:00,0.7859922178988327,0.05875197413951571,0,0.059364941332453534,0,0.17031470260004883,0,0.05212136125175547,0,0,0.3735397435586706,0.3749888812204829,62.50111187795171,WATCH_PATTERN
P002,2026-01-01 02:49:00,0.7023346303501945,0.05935475476692269,0,0.05982379600065274,0,0.1501485014154053,0,0.05271603967276049,0,0,0.33649473489737525,0.365365344639706,63.463465536029396,WATCH_PATTERN
P002,2026-01-01 02:54:00,0.9922178988326849,0.9585115015039379,1,0.057461308978759604,0,0.2227135636773444,0,0.055221325678493506,0,1,0.6421340187940913,0.43455751317830227,56.54424868216977,ATTENTION_PATTERN
P002,2026-01-01 02:59:00,0.9922178988326849,0.9589281149965199,1,0.05735608506734627,0,0.2180158067524665,0,0.05595220811889461,0,1,0.6416017055770307,0.48631856127798434,51.368143872201564,ATTENTION_PATTERN
P002,2026-01-01 03:04:00,0.9902723735408561,0.9578141463588647,1,0.057240757557249014,0,0.21130592821527663,0,0.0554651013589552,0,1,0.639582136319079,0.524634455038258,47.5365544961742,ATTENTION_PATTERN
P002,2026-01-01 03:09:00,0.9863813229571985,0.9573735218332945,1,0.05755179560142548,0,0.20801783335635873,0,0.054911111590133274,0,1,0.6374380470421923,0.5528353530392416,44.71646469607584,ATTENTION_PATTERN
P002,2026-01-01 03:14:00,0.9863813229571985,0.9572400974530183,1,0.0570252023651512,0,0.2098894170193889,0,0.05524121497237611,0,1,0.6376131785968968,0.5740298094286553,42.59701905713447,ATTENTION_PATTERN
P002,2026-01-01 03:19:00,0.9863813229571985,0.9575060410731248,1,0.057091391057626284,0,0.20952234209348763,0,0.05521000281302312,0,1,0.6376224109357617,0.5899279598054319,41.00720401945681,ATTENTION_PATTERN
P002,2026-01-01 03:24:00,0.9844357976653697,0.9575089495146142,1,0.057166201592501714,0,0.2094788138308569,0,0.05556681773897979,0,1,0.6368578712369313,0.6016604376633068,39.83395623366932,ATTENTION_PATTERN
P002,2026-01-01 03:29:00,0.9844357976653697,0.9573208611581779,1,0.05708069591096957,0,0.20598293315970867,0,0.05557696054670898,0,1,0.6363180696664609,0.6103248456640953,38.96751543359047,ATTENTION_PATTERN
P002,2026-01-01 03:34:00,0.9844357976653697,0.9574333629578337,1,0.05717940216855435,0,0.20663198650080128,0,0.05515072205361317,0,1,0.6364117661048005,0.6168465757742716,38.31534242257284,ATTENTION_PATTERN
P002,2026-01-01 03:39:00,0.9863813229571985,0.9569609593097183,1,0.057505010629448336,0,0.2072767262026772,0,0.05394212459601464,0,1,0.637164175003258,0.6219259755815182,37.80740244184818,ATTENTION_PATTERN
P002,2026-01-01 03:44:00,0.9922178988326849,0.9551903630420072,1,0.057418778385943135,0,0.21568821255838364,0,0.05118629207581713,0,1,0.6401534385366804,0.6264828413203087,37.351715867969126,ATTENTION_PATTERN
P002,2026-01-01 03:49:00,0.9922178988326849,0.10790530629023518,0,0.057551497417105524,0,0.22320260988366863,0,0.05098077442235346,0,1,0.4751426163532173,0.5886477850785359,41.135221492146414,ATTENTION_PATTERN
P002,2026-01-01 03:54:00,0.5097276264591439,0.060654758167624744,0,0.06082071594827106,0,0.11054493667771023,0,0.053091640223838055,0,0,0.2520499838950131,0.5044983347826552,49.55016652173448,ATTENTION_PATTERN
P002,2026-01-01 03:59:00,0.7315175097276264,0.059024379819146974,0,0.06009368379215625,0,0.15394457056503555,0,0.052344667608370844,0,0,0.3489989232876253,0.4656234819088977,53.43765180911023,ATTENTION_PATTERN
P002,2026-01-01 04:04:00,0.6770428015564203,0.05936131312831509,0,0.06020440192275453,0,0.14229853719409413,0,0.05266414574561181,0,0,0.32503637458722223,0.43047670507847885,56.95232949215212,ATTENTION_PATTERN
P002,2026-01-01 04:09:00,0.9688715953307393,0.05721089563423159,0,0.0593560190303826,0,0.93276071949758,1,0.05412535795883946,0,1,0.555493274815882,0.46173084751282967,53.826915248717036,ATTENTION_PATTERN
P002,2026-01-01 04:14:00,0.9727626459143969,0.057573274920771876,0,0.05833869285731401,0,0.9752652770363996,1,0.053586504211699686,0,1,0.563652666876711,0.4872113023538,51.27886976462,ATTENTION_PATTERN
P002,2026-01-01 04:19:00,0.9766536964980544,0.05795091790144271,0,0.057619083359738296,0,0.9780065387036296,1,0.05338564605560977,0,1,0.5652308712191692,0.5067161945701423,49.32838054298577,ATTENTION_PATTERN
P002,2026-01-01 04:24:00,0.9688715953307393,0.05785004115074811,0,0.05678642643514997,0,0.9778144365671069,1,0.05329908263874298,0,1,0.564107821414876,0.5210641012813257,47.89358987186743,ATTENTION_PATTERN
P002,2026-01-01 04:29:00,0.9688715953307393,0.0578732869323525,0,0.056892982434642685,0,0.9778976525298136,1,0.053298555075207844,0,1,0.5641668497042394,0.5318397883870541,46.816021161294586,ATTENTION_PATTERN
P002,2026-01-01 04:34:00,0.9708171206225681,0.057839798912510815,0,0.05680433109097924,0,0.9778940283290267,1,0.05316020578936513,0,1,0.5643500754709426,0.5399673601580263,46.003263984197375,ATTENTION_PATTERN
P002,2026-01-01 04:39:00,0.9688715953307393,0.057597517282603185,0,0.05676668836104568,0,0.9778108956397743,1,0.053246880431955565,0,1,0.5640490677468737,0.5459877870552381,45.40122129447619,ATTENTION_PATTERN
P002,2026-01-01 04:44:00,0.9727626459143969,0.05753719180250861,0,0.05679045969831144,0,0.9779852892712378,1,0.05331167034615514,0,1,0.5645592107534421,0.5506306429797891,44.93693570202109,ATTENTION_PATTERN
P002,2026-01-01 04:49:00,0.9747081712062257,0.057494909969899866,0,0.05689035202303329,0,0.9781629363945014,1,0.05297389664825245,0,1,0.5648353960011011,0.5541818312351171,44.58181687648829,ATTENTION_PATTERN
P002,2026-01-01 04:54:00,0.9727626459143969,0.057310098992376476,0,0.057288395030337,0,0.9781985349220199,1,0.05317728470520189,0,1,0.5646808933909406,0.556806596774073,44.3193403225927,ATTENTION_PATTERN
P002,2026-01-01 04:59:00,0.9747081712062257,0.05729053154505987,0,0.057176644198857346,0,0.9783543505556834,1,0.05288823964864999,0,1,0.5649204619583243,0.5588350630701358,44.116493692986424,ATTENTION_PATTERN
P002,2026-01-01 05:04:00,0.9688715953307393,0.057332712896622604,0,0.05699892948988586,0,0.9779941744538959,1,0.052871026416100426,0,1,0.5640852535377483,0.5601476106870389,43.98523893129611,ATTENTION_PATTERN
P002,2026-01-01 05:09:00,0.9708171206225681,0.057601273325976095,0,0.05669487445584736,0,0.9778993865786202,1,0.0530924904653154,0,1,0.5642816052838806,0.5611811093362493,43.88188906637507,ATTENTION_PATTERN
P002,2026-01-01 05:14:00,0.9844357976653697,0.05699980772805108,0,0.05791486493057535,0,0.9785976817998137,1,0.05399808588395556,0,1,0.5680287229273931,0.5628930127340352,43.710698726596476,ATTENTION_PATTERN
P002,2026-01-01 05:19:00,0.9863813229571985,0.05709442539047936,0,0.05838661521286387,0,0.9772277359186685,1,0.05403476773168827,0,1,0.5687393673087362,0.5643546013777105,43.56453986222895,ATTENTION_PATTERN
P002,2026-01-01 05:24:00,0.4182879377431907,0.0613769891539258,0,0.06013891368452727,0,0.09416845337313612,0,0.05551193990700548,0,0,0.2123144441477921,0.4763445620702309,52.36554379297691,ATTENTION_PATTERN
P002,2026-01-01 05:29:00,0.4474708171206226,0.06124030611854816,0,0.05997892624917753,0,0.09808101575959026,0,0.05539166880909921,0,0,0.22482177864910075,0.41346386621494835,58.65361337850516,ATTENTION_PATTERN
P002,2026-01-01 05:34:00,0.6089494163424124,0.06001566314480788,0,0.05903929862249508,0,0.1261068897886926,0,0.054898972213773295,0,0,0.29483530991440937,0.3838067271398136,61.619327286018645,WATCH_PATTERN
P002,2026-01-01 05:39:00,0.32879377431906615,0.06218145089482392,0,0.06058233462640394,0,0.08096773388193079,0,0.05639356694805002,0,0,0.1739009739791831,0.331330288849656,66.8669711150344,WATCH_PATTERN
P002,2026-01-01 05:44:00,0.15953307392996108,0.06343515482835335,0,0.06146399166873433,0,0.06166369017520874,0,0.056824358700064935,0,0,0.10189303016118326,0.2739709741775378,72.60290258224622,WATCH_PATTERN
P002,2026-01-01 05:49:00,0.35992217898832685,0.06182947766717005,0,0.06033564060944443,0,0.08531146891340843,0,0.05625764895839365,0,0,0.1872121511487249,0.25228126842033455,74.77187315796654,WATCH_PATTERN
P002,2026-01-01 05:54:00,0.2704280155642023,0.06242403725575149,0,0.06055784587157502,0,0.0739551818120391,0,0.0559950251216907,0,0,0.14888247938491073,0.22643157116147858,77.35684288385214,WATCH_PATTERN
P002,2026-01-01 05:59:00,0.19455252918287938,0.06296721195637801,0,0.06080783276196333,0,0.06563426391073163,0,0.05639029323338023,0,0,0.1166385130499126,0.19898330663358707,80.1016693366413,STABLE_PATTERN
P002,2026-01-01 06:04:00,0.18093385214007782,0.06320285088187994,0,0.061015640535742675,0,0.06400335470796532,0,0.056904243020453854,0,0,0.11092355953739855,0.17696836985953993,82.303163014046,STABLE_PATTERN
P002,2026-01-01 06:09:00,0.3093385214007782,0.062274182401174105,0,0.06048405124082811,0,0.07846844334724627,0,0.056503360104801253,0,0,0.16554639549362765,0.17411287626806188,82.5887123731938,STABLE_PATTERN
P002,2026-01-01 06:14:00,0.17315175097276264,0.06350857480365463,0,0.06105930077552359,0,0.06286152798840518,0,0.05728353068145414,0,0,0.10765659508820136,0.15749880597309673,84.25011940269033,STABLE_PATTERN
P002,2026-01-01 06:19:00,0.23540856031128404,0.06305268562591393,0,0.06101541387556818,0,0.06922367180214224,0,0.05692533520825765,0,0,0.13407028497181717,0.15164167572277684,84.83583242772231,STABLE_PATTERN
P002,2026-01-01 06:24:00,0.5758754863813229,0.06057454391357634,0,0.05968754409562054,0,0.11792520369913123,0,0.05624682007534568,0,0,0.28039507980843764,0.18383002674419202,81.6169973255808,STABLE_PATTERN
P002,2026-01-01 06:29:00,0.6828793774319066,0.0599357874680272,0,0.059133352121148175,0,0.13857873161553103,0,0.0562776148720623,0,0,0.3271564630774593,0.21966163582750886,78.03383641724912,WATCH_PATTERN
P002,2026-01-01 06:34:00,0.6945525291828794,0.05986086917350185,0,0.05888216997225458,0,0.14100085410500995,0,0.05632469511054793,0,0,0.3322519709006788,0.24780921959580135,75.21907804041986,WATCH_PATTERN
P002,2026-01-01 06:39:00,0.9552529182879378,0.05789174778235839,0,0.058141177188622155,0,0.20550846034573444,0,0.05595696439739355,0,1,0.448150272125445,0.2978944827282123,70.21055172717877,WATCH_PATTERN
P002,2026-01-01 06:44:00,0.9747081712062257,0.05729966565384853,0,0.05869300066509419,0,0.21193714106048028,0,0.9414240768625162,1,1,0.5314217473217737,0.3562762988766026,64.37237011233974,WATCH_PATTERN
P002,2026-01-01 06:49:00,0.9727626459143969,0.0568723776075204,0,0.05924499254098204,0,0.21279611901795498,0,0.9514678970469529,1,1,0.5315931148891482,0.400105502879739,59.9894497120261,ATTENTION_PATTERN
P002,2026-01-01 06:54:00,0.953307392996109,0.056821758734577565,0,0.059222836608538755,0,0.20795601114261322,0,0.9503401661419382,1,1,0.5227915626924973,0.43077701783292854,56.92229821670715,ATTENTION_PATTERN
P002,2026-01-01 06:59:00,0.9552529182879378,0.05678971889579433,0,0.05932706814866873,0,0.2092341921502148,0,0.9505506472651749,1,1,0.5238009759584872,0.45403300736431823,54.59669926356818,ATTENTION_PATTERN
P002,2026-01-01 07:04:00,0.9688715953307393,0.05659946307576847,0,0.059381170267260225,0,0.21187075898202365,0,0.9509031247414913,1,1,0.5297823973797835,0.47297035486818456,52.70296451318155,ATTENTION_PATTERN
P002,2026-01-01 07:09:00,0.9844357976653697,0.056931912398761185,0,0.059709711621014634,0,0.26709905610201945,0,0.9523968374989054,1,1,0.5441726372248107,0.49077092545734113,50.92290745426589,ATTENTION_PATTERN
P002,2026-01-01 07:14:00,0.9844357976653697,0.05757749763340253,0,0.059144872949675895,0,0.22292491732841133,0,0.9048920642475669,1,1,0.534029498652598,0.5015855687561553,49.84144312438447,ATTENTION_PATTERN
P002,2026-01-01 07:19:00,0.877431906614786,0.058444374296639144,0,0.05896514600854386,0,0.18923461620045925,0,0.055165488283218586,0,0,0.4139899347007231,0.4796866602422972,52.03133397577028,ATTENTION_PATTERN
P002,2026-01-01 07:24:00,0.9241245136186771,0.05828375028137902,0,0.058385436377076466,0,0.2064098528393458,0,0.05551261282304965,0,1,0.4355321068520387,0.46864802189473254,53.13519781052675,ATTENTION_PATTERN
P002,2026-01-01 07:29:00,0.8501945525291829,0.058933444661732566,0,0.05864637118188627,0,0.1858706025194104,0,0.05646869666661256,0,0,0.4024489560269927,0.4520982554277976,54.79017445722024,ATTENTION_PATTERN
P002,2026-01-01 07:34:00,0.8735408560311284,0.05878783110578485,0,0.05853570681263617,0,0.19576218473854173,0,0.05613206480193653,0,0,0.41337704563284017,0.4424179529790583,55.75820470209417,ATTENTION_PATTERN
P002,2026-01-01 07:39:00,0.7782101167315175,0.0595012657810539,0,0.05866775891629545,0,0.16064801769164283,0,0.05641815096022631,0,0,0.3693708468418984,0.42415617644476833,57.58438235552317,ATTENTION_PATTERN
P002,2026-01-01 07:44:00,0.8365758754863813,0.05923113602597786,0,0.058430049705071714,0,0.1808011266079922,0,0.05696578594207401,0,0,0.39619209545618594,0.41716515619762273,58.283484380237724,ATTENTION_PATTERN
P002,2026-01-01 07:49:00,0.8443579766536965,0.05918164896756192,0,0.05837568753525755,0,0.19111309141281357,0,0.05699927597332868,0,0,0.40082597706444184,0.4130803614143275,58.691963858567256,ATTENTION_PATTERN
P002,2026-01-01 07:54:00,0.9357976653696498,0.058594430938973444,0,0.05810632093635119,0,0.22143652142926953,0,0.05660710923577423,0,1,0.4425511186895443,0.42044805073313174,57.95519492668683,ATTENTION_PATTERN
P002,2026-01-01 07:59:00,0.9396887159533074,0.05855453483716898,0,0.058175308238272945,0,0.21357130762059978,0,0.056318566973364126,0,1,0.44303263427752415,0.4260941966192298,57.39058033807702,ATTENTION_PATTERN
P002,2026-01-01 08:04:00,0.9299610894941635,0.058586873304929836,0,0.0585544254240562,0,0.20852743475144705,0,0.05602027829162791,0,1,0.4383636837523024,0.429161568402498,57.0838431597502,ATTENTION_PATTERN
P002,2026-01-01 08:09:00,0.896887159533074,0.05863815736810134,0,0.05870059297303047,0,0.19434210992241463,0,0.05592540336052795,0,0,0.4227779174626658,0.4275656556675399,57.24343443324601,ATTENTION_PATTERN
P002,2026-01-01 08:14:00,0.9182879377431906,0.05868060314785583,0,0.057701782059613585,0,0.1967073709249154,0,0.05644039566375221,0,1,0.4318099531184327,0.42862673003026314,57.13732699697369,ATTENTION_PATTERN
P002,2026-01-01 08:19:00,0.9182879377431906,0.0588188015054088,0,0.057564251736882247,0,0.19694965679722803,0,0.05683695058263626,0,1,0.43188116553760425,0.42944033890709843,57.055966109290154,ATTENTION_PATTERN
P002,2026-01-01 08:24:00,0.9202334630350194,0.05885402725947683,0,0.057465350807510106,0,0.19750303910676462,0,0.05697863100157991,0,1,0.43276238552802687,0.43027085056233055,56.97291494376695,ATTENTION_PATTERN
P002,2026-01-01 08:29:00,0.9416342412451362,0.058581185382707894,0,0.05751634177401736,0,0.20371160963325466,0,0.05685974423901585,0,1,0.44239380901077474,0.4333015901744416,56.66984098255584,ATTENTION_PATTERN
P002,2026-01-01 08:34:00,0.9299610894941635,0.05871751337559255,0,0.0575846132944533,0,0.20043110988925575,0,0.05651202853695073,0,1,0.4371341823082793,0.43425973820790104,56.5740261792099,ATTENTION_PATTERN
P002,2026-01-01 08:39:00,0.9260700389105059,0.05890015772847541,0,0.0574071669290679,0,0.19949604248723737,0,0.05687987797653703,0,1,0.43543704668823535,0.43455406532798463,56.54459346720153,ATTENTION_PATTERN
P002,2026-01-01 08:44:00,0.811284046692607,0.059734849713146076,0,0.05813588344589881,0,0.16943176387469677,0,0.05672574823031578,0,0,0.3842092959938458,0.42196787299444993,57.80321270055501,ATTENTION_PATTERN
P002,2026-01-01 08:49:00,0.811284046692607,0.059609785601631035,0,0.05822168952011012,0,0.169411189191773,0,0.05646772539695449,0,0,0.3841746444748447,0.4125195658645486,58.74804341354513,ATTENTION_PATTERN
P002,2026-01-01 08:54:00,0.7101167315175098,0.06051432981912198,0,0.05834863591789573,0,0.14639339183708017,0,0.05701808577109971,0,0,0.33951606692593195,0.3942686911298944,60.573130887010564,WATCH_PATTERN
P002,2026-01-01 08:59:00,0.7315175097276264,0.0603363836470716,0,0.05838281440224936,0,0.15127069826017048,0,0.05700293853199447,0,0,0.3489856026152974,0.3829479190012451,61.7052080998755,WATCH_PATTERN
P002,2026-01-01 09:04:00,0.7957198443579766,0.059688131458339254,0,0.05822606117837687,0,0.16571365638762248,0,0.05611550005062172,0,0,0.37723104181780753,0.3815186997053857,61.84813002946144,WATCH_PATTERN
P002,2026-01-01 09:09:00,0.8249027237354085,0.059431442092762375,0,0.05817686221761093,0,0.1736848606556425,0,0.05593528886976397,0,0,0.3902966424385785,0.38371318538868393,61.628681461131606,WATCH_PATTERN
P002,2026-01-01 09:14:00,0.5914396887159533,0.06139299569596463,0,0.05931791760187846,0,0.12345092700728844,0,0.05674603189810248,0,0,0.2877213855249584,0.3597152354227525,64.02847645772475,WATCH_PATTERN
P002,2026-01-01 09:19:00,0.45525291828793774,0.06230886829252548,0,0.06000682477114456,0,0.10029077466003355,0,0.05699046313044498,0,0,0.2286857944368797,0.32695787517628433,67.30421248237157,WATCH_PATTERN
P002,2026-01-01 09:24:00,0.5758754863813229,0.0615258185303102,0,0.05950039707233528,0,0.12057891976179232,0,0.0564774097790417,0,0,0.28094097871728857,0.3154536510615354,68.45463489384646,WATCH_PATTERN
P002,2026-01-01 09:29:00,0.2918287937743191,0.06364972121559827,0,0.06052679240666778,0,0.07749602364478152,0,0.05760681846678264,0,0,0.15856572557907606,0.27623166969092056,72.37683303090793,WATCH_PATTERN
P002,2026-01-01 09:34:00,0.5330739299610895,0.061881970556580915,0,0.05925536876874538,0,0.11330143798938297,0,0.056911749732259195,0,0,0.26235301562223134,0.27276200617374824,72.72379938262517,WATCH_PATTERN
P002,2026-01-01 09:39:00,0.8151750972762646,0.059888777389890034,0,0.05748199972126602,0,0.17218237858125274,0,0.0560502154098483,0,0,0.38606106749521474,0.3010867715041149,69.8913228495885,WATCH_PATTERN
P002,2026-01-01 09:44:00,0.7470817120622568,0.06037430292070437,0,0.05776166093970699,0,0.15663303643814408,0,0.05636842110825169,0,0,0.35599856025441196,0.31481471869168914,68.51852813083109,WATCH_PATTERN
P002,2026-01-01 09:49:00,0.622568093385214,0.061355566602567746,0,0.05844976218398018,0,0.13089466282835224,0,0.056482543935291944,0,0,0.301413092062254,0.31146431203433034,68.85356879656696,WATCH_PATTERN
P002,2026-01-01 09:54:00,0.7159533073929961,0.060491957391871395,0,0.05829748618462143,0,0.1511756074711588,0,0.05558060542835933,0,0,0.342456519875682,0.31921236399466824,68.07876360053318,WATCH_PATTERN
P002,2026-01-01 09:59:00,0.29377431906614787,0.063840985011092,0,0.06023755239180527,0,0.0788034387134076,0,0.056829845392729485,0,0,0.1594739497521166,0.2792777604340303,72.07222395659697,WATCH_PATTERN
P002,2026-01-01 10:04:00,0.28793774319066145,0.06376738934279813,0,0.060378741622115206,0,0.07841519256143678,0,0.05678670076106938,0,0,0.15702059692078726,0.24871346955571955,75.12865304442803,WATCH_PATTERN
P002,2026-01-01 10:09:00,0.4396887159533074,0.06261599648024622,0,0.05964355263607548,0,0.10001805352953502,0,0.05570589341097315,0,0,0.22212642566640822,0.2420667085833917,75.79332914166083,WATCH_PATTERN
P002,2026-01-01 10:14:00,0.2607003891050584,0.06383470000205044,0,0.06048933222003349,0,0.07557780183220707,0,0.05602644092297972,0,0,0.14536948261869084,0.2178924020922165,78.21075979077835,WATCH_PATTERN
P002,2026-01-01 10:19:00,0.9727626459143969,0.059060803672702014,0,0.5994607450992592,0,0.21745104072768334,0,0.055020460924573966,0,1,0.5481283972327965,0.3004514008773615,69.95485991226384,WATCH_PATTERN
P002,2026-01-01 10:24:00,0.9844357976653697,0.05958528308969082,0,0.958303292328982,1,0.2165594876770694,0,0.056536934813482924,0,1,0.6133286480341029,0.37867071266654684,62.13292873334532,WATCH_PATTERN
P002,2026-01-01 10:29:00,0.9844357976653697,0.059404920911379604,0,0.9574061287707512,1,0.21395959683450225,0,0.057262441367457485,0,1,0.6128395314019457,0.4372129173503966,56.27870826496034,ATTENTION_PATTERN
P002,2026-01-01 10:34:00,0.9552529182879378,0.05945546987192888,0,0.9571408142857165,1,0.20513015050138622,0,0.05723708374116621,0,1,0.6001096361333145,0.477937097046126,52.20629029538739,ATTENTION_PATTERN
P002,2026-01-01 10:39:00,0.9610894941634242,0.0594776649661272,0,0.9570417466507751,1,0.20636531433452238,0,0.05747864109557755,0,1,0.6021288572248835,0.5089850370908153,49.10149629091847,ATTENTION_PATTERN
P002,2026-01-01 10:44:00,0.9630350194552529,0.059442042585457065,0,0.9569346428840024,1,0.20793859335016443,0,0.05722660766603383,0,1,0.6031045264797961,0.5325149094380606,46.748509056193946,ATTENTION_PATTERN
P002,2026-01-01 10:49:00,0.9649805447470817,0.05936203436154536,0,0.9570907184700711,1,0.2781716136297673,0,0.057256245663036234,0,1,0.613751734417495,0.5528241156829192,44.71758843170808,ATTENTION_PATTERN
P002,2026-01-01 10:54:00,0.9844357976653697,0.05851137313472206,0,0.9576625454448437,1,0.25631014510397937,0,0.05649431816104712,0,1,0.6185720284473566,0.5692610938740286,43.07389061259714,ATTENTION_PATTERN
P002,2026-01-01 10:59:00,0.9766536964980544,0.05904520898976382,0,0.9574534216363633,1,0.2642545518713444,0,0.056786140433350236,0,1,0.6165720318124908,0.5810888283586442,41.89111716413558,ATTENTION_PATTERN
P002,2026-01-01 11:04:00,0.9844357976653697,0.059185361224617254,0,0.9574497879482508,1,0.34943954768822943,0,0.057554031832249934,0,1,0.6317955191637245,0.5937655010599142,40.62344989400858,ATTENTION_PATTERN
P002,2026-01-01 11:09:00,0.9610894941634242,0.05909426220738239,0,0.9569554370332061,1,0.3349548246998635,0,0.0569516764760436,0,1,0.6199974766915248,0.6003234949678169,39.96765050321831,ATTENTION_PATTERN
P002,2026-01-01 11:14:00,0.9630350194552529,0.05932120200801148,0,0.956996237911649,1,0.23259831040256165,0,0.05713676687775844,0,1,0.6065360034523818,0.6018766220889581,39.81233779110419,ATTENTION_PATTERN
P002,2026-01-01 11:19:00,0.9591439688715954,0.059410444323974805,0,0.9568925504027773,1,0.2144066587740652,0,0.05720700270355078,0,1,0.6023920311857303,0.6020054743631511,39.79945256368489,ATTENTION_PATTERN
P002,2026-01-01 11:24:00,0.9688715953307393,0.05911483180919531,0,0.9566816744637806,1,0.22379719423582997,0,0.05718301381653117,0,1,0.6076191059743867,0.60340888226596,39.659111773404,ATTENTION_PATTERN
P002,2026-01-01 11:29:00,0.9591439688715954,0.05910371425345805,0,0.9564167572120927,1,0.20680107331505365,0,0.057292261352644855,0,1,0.6011943585981363,0.6028552513490041,39.71447486509959,ATTENTION_PATTERN
P002,2026-01-01 11:34:00,0.9688715953307393,0.059159482776525794,0,0.9564840740028544,1,0.24474990975752975,0,0.057415231639652224,0,1,0.6105475471567281,0.6047783253009351,39.52216746990649,ATTENTION_PATTERN
P002,2026-01-01 11:39:00,0.9630350194552529,0.05904301715420041,0,0.9563945626061832,1,0.2406870712916487,0,0.05761906457326471,0,1,0.6075533373006112,0.6054720783008541,39.45279216991459,ATTENTION_PATTERN
P002,2026-01-01 11:44:00,0.9591439688715954,0.05906410814816416,0,0.9564955973639228,1,0.23962696092318161,0,0.05761919168081992,0,1,0.6058229273597107,0.6055597905655683,39.44402094344317,ATTENTION_PATTERN
P002,2026-01-01 11:49:00,0.9708171206225681,0.05887167247645568,0,0.9563859304175473,1,0.2098046702387782,0,0.132094379432525,0,1,0.6126569195177922,0.6073340728036243,39.26659271963757,ATTENTION_PATTERN
P002,2026-01-01 11:54:00,0.9727626459143969,0.058952705513731316,0,0.9561971602962449,1,0.21062025588174169,0,0.1304584032552573,0,1,0.6134194050240773,0.6088554058587375,39.114459414126244,ATTENTION_PATTERN
P002,2026-01-01 11:59:00,0.9844357976653697,0.0586984063204688,0,0.9562787091176929,1,0.2159469103967629,0,0.13082416781983805,0,1,0.6189690569611297,0.6113838186343357,38.861618136566435,ATTENTION_PATTERN
P003,2026-01-01 00:14:00,0.15953307392996108,0.06434418572415526,0,0.06065303683537092,0,0.06509366626722474,0,0.05648319945359864,0,0,0.10238649908093446,0.10238649908093446,89.76135009190655,STABLE_PATTERN
P003,2026-01-01 00:19:00,0.6536964980544747,0.06056726524764369,0,0.058426648976554404,0,0.14052867422773455,0,0.0548804410410673,0,0,0.3152937896543754,0.1556133217242947,84.43866782757053,STABLE_PATTERN
P003,2026-01-01 00:24:00,0.6070038910505836,0.06099505970107424,0,0.058688301508173245,0,0.1307927063004507,0,0.05501573250717698,0,0,0.29483256988029005,0.19041813376329353,80.95818662367064,STABLE_PATTERN
P003,2026-01-01 00:29:00,0.4649805447470817,0.062332037828926386,0,0.05928789341040812,0,0.10471000589452749,0,0.05572748616512756,0,0,0.23308993960632035,0.20108608522405025,79.89139147759498,WATCH_PATTERN
P003,2026-01-01 00:34:00,0.5778210116731517,0.06117904550234035,0,0.05878703103816765,0,0.1246610480979209,0,0.055256363088758184,0,0,0.28202365217537395,0.22132047696188117,77.86795230381188,WATCH_PATTERN
P003,2026-01-01 00:39:00,0.7101167315175098,0.06007561042855184,0,0.05832654615499604,0,0.15258140834086945,0,0.0545907392779799,0,0,0.3400887920503215,0.2510125557339913,74.89874442660087,WATCH_PATTERN
P003,2026-01-01 00:44:00,0.77431906614786,0.0593217866678599,0,0.05838256498578895,0,0.16785935806936234,0,0.05346739101283724,0,0,0.36844636733222047,0.2803710086335486,71.96289913664515,WATCH_PATTERN
P003,2026-01-01 00:49:00,0.09922178988326848,0.0645328950834019,0,0.06171895891725429,0,0.05876805540491817,0,0.055825813767306956,0,0,0.07681350607949443,0.22948163299503505,77.0518367004965,WATCH_PATTERN
P003,2026-01-01 00:54:00,0.06031128404669261,0.06512911402670855,0,0.06187194310104593,0,0.05487788815517283,0,0.055823983781536336,0,0,0.061825509790825975,0.18756760219398277,81.24323978060173,STABLE_PATTERN
P003,2026-01-01 00:59:00,0.188715953307393,0.06428821455129602,0,0.0612355397241167,0,0.06785816431782896,0,0.05569793852200149,0,0,0.1148178033286957,0.16938015247766103,83.0619847522339,STABLE_PATTERN
P003,2026-01-01 01:04:00,0.2782101167315175,0.06323825393682285,0,0.06074206194263352,0,0.07845895748865711,0,0.05500227502300857,0,0,0.15282637742170962,0.16524170871367316,83.47582912863268,STABLE_PATTERN
P003,2026-01-01 01:09:00,0.6789883268482491,0.0601024861585401,0,0.058902806745829386,0,0.14567992148289696,0,0.05318135536192615,0,0,0.32628137233985915,0.20550162462021965,79.44983753797803,WATCH_PATTERN
P003,2026-01-01 01:14:00,0.8871595330739299,0.05848014128466066,0,0.058156528813764825,0,0.19649920656066305,0,0.05214558252998731,0,0,0.4186322500099769,0.25878428096765893,74.12157190323411,WATCH_PATTERN
P003,2026-01-01 01:19:00,0.8599221789883269,0.05870271306864861,0,0.058306811501911936,0,0.18859769839552715,0,0.05255208954020608,0,0,0.4064072671337181,0.2956900275091737,70.43099724908262,WATCH_PATTERN
P003,2026-01-01 01:24:00,0.9357976653696498,0.05808175338745876,0,0.05816115885992018,0,0.21040979722661496,0,0.05195209398674595,0,1,0.44052508399131696,0.33189879162970953,66.81012083702905,WATCH_PATTERN
P003,2026-01-01 01:29:00,0.6575875486381323,0.06016641069947425,0,0.059339602329487186,0,0.14109829511045774,0,0.05279000473025763,0,0,0.316875861440167,0.3281430590823239,67.18569409176762,WATCH_PATTERN
P003,2026-01-01 01:34:00,0.6595330739299611,0.06008862241692045,0,0.059241933617417086,0,0.14161854074644573,0,0.052898066574938264,0,0,0.31772767459738366,0.32553921296108884,67.44607870389112,WATCH_PATTERN
P003,2026-01-01 01:39:00,0.6926070038910506,0.05993246154338432,0,0.059369511120773044,0,0.14858042783060238,0,0.0525948588509573,0,0,0.3322941539736708,0.32722794821423434,67.27720517857657,WATCH_PATTERN
P003,2026-01-01 01:44:00,0.8910505836575876,0.058340934148606034,0,0.05836164578410647,0,0.19770021920229644,0,0.05184825938952147,0,0,0.42038570452882407,0.35051738729288173,64.94826127071182,WATCH_PATTERN
P003,2026-01-01 01:49:00,0.8696498054474708,0.05870450266056583,0,0.05870038061680626,0,0.1918660193199414,0,0.05189907505487953,0,0,0.410884231318854,0.3656090982993748,63.43909017006252,WATCH_PATTERN
P003,2026-01-01 01:54:00,0.7431906614785992,0.05948393380587452,0,0.059397315132347125,0,0.1594306801390511,0,0.05223304537066361,0,0,0.35454002352797154,0.362841829606524,63.7158170393476,WATCH_PATTERN
P003,2026-01-01 01:59:00,0.9494163424124513,0.05788270887567855,0,0.05847709825825396,0,0.2120004140317529,0,0.051643371879529026,0,1,0.44634679772327546,0.3837180716357119,61.62819283642881,WATCH_PATTERN
P003,2026-01-01 02:04:00,0.8521400778210116,0.05880685041176251,0,0.05894951496419652,0,0.1849160055445532,0,0.052232470486085605,0,0,0.40278714155401585,0.3884853391152879,61.15146608847122,WATCH_PATTERN
P003,2026-01-01 02:09:00,0.9319066147859922,0.05826332321687543,0,0.05835981123692503,0,0.20640589715273347,0,0.05253211491904137,0,1,0.43847910818472197,0.4009837813826464,59.90162186173536,ATTENTION_PATTERN
P003,2026-01-01 02:14:00,0.7276264591439688,0.059869046138118574,0,0.059546958641162155,0,0.15397051479814852,0,0.052934985827956735,0,0,0.34752273414339074,0.38761851957283244,61.23814804271676,WATCH_PATTERN
P003,2026-01-01 02:19:00,0.8618677042801557,0.058677345960875885,0,0.058607232967890124,0,0.18752575698033247,0,0.05245981981145078,0,0,0.4070964999517698,0.3924880146675668,60.751198533243326,WATCH_PATTERN
P003,2026-01-01 02:24:00,0.9027237354085603,0.05814580983367934,0,0.05854721971423129,0,0.19912063813287886,0,0.052450290080201356,0,1,0.42543740433305877,0.4007253620839397,59.92746379160603,ATTENTION_PATTERN
P003,2026-01-01 02:29:00,0.6167315175097277,0.060125699314773726,0,0.0600103095063021,0,0.13139298651562642,0,0.05270991764385191,0,0,0.29878240547103346,0.37523962293071317,62.476037706928686,WATCH_PATTERN
P003,2026-01-01 02:34:00,0.4357976653696498,0.0613708266455113,0,0.060804175424007484,0,0.09965726502914789,0,0.05332798349507695,0,0,0.22022398934371637,0.336485714533964,66.35142854660361,WATCH_PATTERN
P003,2026-01-01 02:39:00,0.38132295719844356,0.062032524283088704,0,0.06138982931012536,0,0.09101086730075694,0,0.053308016102413695,0,0,0.19679631922405388,0.30156336570648645,69.84366342935135,WATCH_PATTERN
P003,2026-01-01 02:44:00,0.6712062256809338,0.05982624178368053,0,0.059834859776565975,0,0.14138012608103306,0,0.052662395260710995,0,0,0.32253202366585354,0.3068055301963282,69.31944698036719,WATCH_PATTERN
P003,2026-01-01 02:49:00,0.2509727626459144,0.06318314277312057,0,0.061905900363676165,0,0.07342618312711917,0,0.05453803117159233,0,0,0.1410457257109564,0.26536557907498526,73.46344209250148,WATCH_PATTERN
P003,2026-01-01 02:54:00,0.46303501945525294,0.06132582341451451,0,0.06075849828760321,0,0.10283507105757331,0,0.05472955660753081,0,0,0.23199190982021925,0.2570221617612938,74.29778382387062,WATCH_PATTERN
P003,2026-01-01 02:59:00,0.6050583657587548,0.06034375373483511,0,0.06009337911870366,0,0.12728236632653778,0,0.05357092333718623,0,0,0.2935265989626158,0.2661482710616243,73.38517289383756,WATCH_PATTERN
P003,2026-01-01 03:04:00,0.3657587548638132,0.0620909517674549,0,0.06114442537001514,0,0.0880415085285504,0,0.05447750698345717,0,0,0.1900366187930822,0.24712035799448878,75.28796420055113,WATCH_PATTERN
P003,2026-01-01 03:09:00,0.3968871595330739,0.06197658847963375,0,0.06122829380253301,0,0.09226615537651742,0,0.05433596100908079,0,0,0.20343275690593543,0.23619845772235046,76.38015422776495,WATCH_PATTERN
P003,2026-01-01 03:14:00,0.41050583657587547,0.061787698303819576,0,0.06128184902262595,0,0.09417050602610481,0,0.053534628771521445,0,0,0.20921492383307297,0.22945257425003107,77.0547425749969,WATCH_PATTERN
P003,2026-01-01 03:19:00,0.42412451361867703,0.061565012412794454,0,0.06127358440782473,0,0.09609910685866106,0,0.053402953547214534,0,0,0.21503972728249576,0.22584936250814724,77.41506374918528,WATCH_PATTERN
P003,2026-01-01 03:24:00,0.6303501945525292,0.05995291231925632,0,0.060221595233666186,0,0.13179677330141573,0,0.05259739402628726,0,0,0.3044420083298785,0.24549752396358004,75.450247603642,WATCH_PATTERN
P003,2026-01-01 03:29:00,0.708171206225681,0.05937238317202525,0,0.05994363196367784,0,0.14849314062015567,0,0.05275221450656892,0,0,0.33869427994196893,0.26879671295817725,73.12032870418228,WATCH_PATTERN
P003,2026-01-01 03:34:00,0.5389105058365758,0.060658672103527246,0,0.0604499561771943,0,0.11481485295469016,0,0.05400264390748713,0,0,0.26468612227661475,0.26776906528778666,73.22309347122133,WATCH_PATTERN
P003,2026-01-01 03:39:00,0.7140077821011673,0.05942551520030182,0,0.05996777817714728,0,0.14934536145464397,0,0.053108356038609264,0,0,0.34126264644959414,0.28614246057823856,71.38575394217614,WATCH_PATTERN
P003,2026-01-01 03:44:00,0.6673151750972762,0.05980684063477023,0,0.0602951915939027,0,0.13849052423613378,0,0.053346629067266595,0,0,0.3206553753269775,0.29477068926542327,70.52293107345767,WATCH_PATTERN
P003,2026-01-01 03:49:00,0.8385214007782101,0.05840959646264284,0,0.05959552375542555,0,0.17777383763277904,0,0.05260956711249213,0,0,0.39623868692425046,0.32013768868013004,67.986231131987,WATCH_PATTERN
P003,2026-01-01 03:54:00,0.45136186770428016,0.06141372489877543,0,0.06107496133921175,0,0.09937866861375273,0,0.05409939216150053,0,0,0.22671613562680237,0.2967823004167981,70.32176995832019,WATCH_PATTERN
P003,2026-01-01 03:59:00,0.17315175097276264,0.06340676446984378,0,0.0624956647149606,0,0.06382498479868202,0,0.05504086092989003,0,0,0.1078244490989072,0.24954283758732537,75.04571624126746,WATCH_PATTERN
P003,2026-01-01 04:04:00,0.3151750972762646,0.06209757293751221,0,0.06175052958343243,0,0.08061729095656606,0,0.05456209352568597,0,0,0.1682669899336669,0.22922387567391073,77.07761243260893,WATCH_PATTERN
P003,2026-01-01 04:09:00,0.39105058365758755,0.061394347359249625,0,0.061126181454270234,0,0.09156927527361051,0,0.05385568427084777,0,0,0.2007589070507131,0.22210763351811133,77.78923664818886,WATCH_PATTERN
P003,2026-01-01 04:14:00,0.4708171206225681,0.06067849548499083,0,0.06034322716594084,0,0.1040500436449622,0,0.05351466996185335,0,0,0.23506953936252473,0.22534810997921467,77.46518900207853,WATCH_PATTERN
P003,2026-01-01 04:19:00,0.7354085603112841,0.05886409755498412,0,0.05902104393627995,0,0.154197929867303,0,0.052926179858856726,0,0,0.3504747346398873,0.2566297661443828,74.33702338556172,WATCH_PATTERN
P003,2026-01-01 04:24:00,0.3521400778210117,0.06191822652052253,0,0.06062488866131167,0,0.0851167152167935,0,0.05491844564905844,0,0,0.1839321553202516,0.23845536343835,76.154463656165,WATCH_PATTERN
P003,2026-01-01 04:29:00,0.4980544747081712,0.060852574980804826,0,0.060279991616689635,0,0.1064867041359174,0,0.05452036673032221,0,0,0.24674043625198366,0.24052663164175841,75.94733683582416,WATCH_PATTERN
P003,2026-01-01 04:34:00,0.24124513618677043,0.06294905419833623,0,0.061395601872976616,0,0.07042082594611426,0,0.05585409852683421,0,0,0.13659613175519347,0.21454400667011717,78.54559933298827,WATCH_PATTERN
P003,2026-01-01 04:39:00,0.490272373540856,0.06090903711731664,0,0.06040845731580113,0,0.10511007378387997,0,0.054268194521398805,0,0,0.24335294867242202,0.2217462421706934,77.82537578293066,WATCH_PATTERN
P003,2026-01-01 04:44:00,0.519455252918288,0.06071807906806188,0,0.06018214549451715,0,0.10981183740359199,0,0.05443595886902907,0,0,0.25597318592425494,0.2303029781090838,76.96970218909162,WATCH_PATTERN
P003,2026-01-01 04:49:00,0.4688715953307393,0.06096195726473883,0,0.060410723783188555,0,0.10133342194661607,0,0.0543054035489829,0,0,0.2340209754663699,0.23123247744840533,76.87675225515946,WATCH_PATTERN
P003,2026-01-01 04:54:00,0.7120622568093385,0.05908741594737414,0,0.059485819068995464,0,0.1471716148692887,0,0.05305709665746735,0,0,0.34000522313565174,0.2584256638702169,74.15743361297831,WATCH_PATTERN
P003,2026-01-01 04:59:00,0.7529182879377432,0.058627473058615424,0,0.05909494128684369,0,0.15641122904185814,0,0.05280664657311631,0,0,0.35795459986403044,0.2833078978686703,71.66921021313297,WATCH_PATTERN
P003,2026-01-01 05:04:00,0.7607003891050583,0.05862056572505228,0,0.05933139371883727,0,0.15792045020252166,0,0.05270494845686002,0,0,0.3614019440368882,0.30283140941072473,69.71685905892753,WATCH_PATTERN
P003,2026-01-01 05:09:00,0.4396887159533074,0.060925000898116116,0,0.06067190286840231,0,0.09701019375267389,0,0.054162081963090775,0,0,0.22141697284095896,0.2824778002682833,71.75221997317168,WATCH_PATTERN
P003,2026-01-01 05:14:00,0.4280155642023346,0.06094996940327176,0,0.06074113854698459,0,0.09458841412431619,0,0.05434631120498516,0,0,0.21630058584891954,0.26593349666344235,73.40665033365576,WATCH_PATTERN
P003,2026-01-01 05:19:00,0.2490272373540856,0.06257238279978865,0,0.061187365684480736,0,0.07085774536517346,0,0.055775342677173,0,0,0.13974809938964144,0.2343871473449921,76.56128526550079,WATCH_PATTERN
P003,2026-01-01 05:24:00,0.12062256809338522,0.06353767965642275,0,0.06144502496142972,0,0.057911330247910446,0,0.056188966337163686,0,0,0.08530010686768297,0.19711538722566482,80.28846127743353,STABLE_PATTERN
P003,2026-01-01 05:29:00,0.4143968871595331,0.061404090740962494,0,0.06038952042340105,0,0.0922249356570011,0,0.0551216996039772,0,0,0.2104538724848019,0.2004500085404491,79.9549991459551,WATCH_PATTERN
P003,2026-01-01 05:34:00,0.08754863813229571,0.06393742130840585,0,0.06193028878647294,0,0.05450776592948887,0,0.05631545858344984,0,0,0.07136764775421905,0.1681794183438916,83.18205816561084,STABLE_PATTERN
P003,2026-01-01 05:39:00,0.05058365758754864,0.06425853196340989,0,0.062085518387003484,0,0.051001337613297615,0,0.056930064360693027,0,0,0.059890281264833214,0.141107134074127,85.8892865925873,STABLE_PATTERN
P003,2026-01-01 05:44:00,0.6264591439688716,0.0598794908551038,0,0.05926924669037398,0,0.1272104819892791,0,0.055005949449277544,0,0,0.30222474819899664,0.1813865376053444,81.86134623946556,STABLE_PATTERN
P003,2026-01-01 05:49:00,0.06420233463035019,0.06396395261863794,0,0.06180242999346166,0,0.05228885468765414,0,0.057023857147263574,0,0,0.061481548476500586,0.15141029032313344,84.85897096768666,STABLE_PATTERN
P003,2026-01-01 05:54:00,0.027237354085603113,0.0643200738550982,0,0.06189960423609538,0,0.04901961360125836,0,0.05735348748750012,0,0,0.05703291265450647,0.1278159459059767,87.21840540940234,STABLE_PATTERN
P003,2026-01-01 05:59:00,0.017509727626459144,0.06448917042213953,0,0.061795591674771624,0,0.048485977783417435,0,0.05760871178602549,0,0,0.055956546104610844,0.10985109595563525,89.01489040443647,STABLE_PATTERN
P003,2026-01-01 06:04:00,0.556420233463035,0.06045930820524619,0,0.059108507765119785,0,0.11447344718845287,0,0.05558437153365066,0,0,0.27172075971474885,0.15031851189541365,84.96814881045863,STABLE_PATTERN
P003,2026-01-01 06:09:00,0.35019455252918286,0.062056696292798794,0,0.06002422920036477,0,0.08274402613952633,0,0.05645958551962671,0,0,0.1828541074642555,0.15845241078762412,84.15475892123759,STABLE_PATTERN
P003,2026-01-01 06:14:00,0.08560311284046693,0.06443955387551328,0,0.06134602023519108,0,0.053649645553530995,0,0.05796093706656724,0,0,0.07058443554047106,0.13648541697583585,86.35145830241642,STABLE_PATTERN
P003,2026-01-01 06:19:00,0.20428015564202334,0.06348500666631605,0,0.061039789111556726,0,0.06491967362709923,0,0.05779159840683195,0,0,0.12080441857582086,0.13256516737583213,86.74348326241679,STABLE_PATTERN
P003,2026-01-01 06:24:00,0.4260700389105058,0.06186298518628923,0,0.06004146798425641,0,0.09213819038838678,0,0.05717362854909422,0,0,0.21545489920149424,0.15328760033224764,84.67123996677523,STABLE_PATTERN
P003,2026-01-01 06:29:00,0.4066147859922179,0.062011971972328515,0,0.060301571311912654,0,0.08966637293253381,0,0.05735248600443625,0,0,0.20718120335069884,0.16676100108686043,83.32389989131396,STABLE_PATTERN
P003,2026-01-01 06:34:00,0.6556420233463035,0.06015245403703229,0,0.05937862577128675,0,0.13140878327622557,0,0.0559736299024206,0,0,0.31498901830998643,0.20381800539264194,79.61819946073581,WATCH_PATTERN
P003,2026-01-01 06:39:00,0.3132295719844358,0.06284226132326472,0,0.060992151212564336,0,0.07727884138223975,0,0.05777318461713476,0,0,0.16728633358201112,0.19468508743998425,80.53149125600157,STABLE_PATTERN
P003,2026-01-01 06:44:00,0.23151750972762647,0.0632913898860014,0,0.06153286855035954,0,0.06765590247690277,0,0.05739441745816206,0,0,0.1324208057551508,0.1791190170187759,82.08809829812242,STABLE_PATTERN
P003,2026-01-01 06:49:00,0.3443579766536965,0.06258681567311891,0,0.06098523550519512,0,0.08111133805996193,0,0.05726279951048665,0,0,0.18055368430540258,0.17947768384043256,82.05223161595674,STABLE_PATTERN
P003,2026-01-01 06:54:00,0.5700389105058365,0.06089510046600829,0,0.059811521649200027,0,0.11618227759168534,0,0.05634271952576954,0,0,0.2778381137598085,0.20406779132027653,79.59322086797235,WATCH_PATTERN
P003,2026-01-01 06:59:00,0.7762645914396887,0.05934851354131544,0,0.05882328837446803,0,0.15736179818509305,0,0.055901377397860275,0,0,0.3680620002214935,0.24506634354558077,75.49336564544193,WATCH_PATTERN
P003,2026-01-01 07:04:00,0.6342412451361867,0.0603547886044979,0,0.05938728906952947,0,0.12717797969000197,0,0.056435130401004514,0,0,0.3056594642365561,0.2602146237183246,73.97853762816754,WATCH_PATTERN
P003,2026-01-01 07:09:00,0.6381322957198443,0.06060483862481476,0,0.059416816251822095,0,0.129738276366051,0,0.05709142388162749,0,0,0.3077301176346495,0.27209349719740583,72.79065028025941,WATCH_PATTERN
P003,2026-01-01 07:14:00,0.9727626459143969,0.057530009074637734,0,0.0590503031915319,0,0.21705746213042565,0,0.9433056701173764,1,1,0.5316002638196571,0.33697018885296864,66.30298111470314,WATCH_PATTERN
P003,2026-01-01 07:19:00,0.980544747081712,0.056939935661922014,0,0.059449675760445006,0,0.21785753717878392,0,0.9514893322358404,1,1,0.5355573678279971,0.3866169835967258,61.33830164032742,WATCH_PATTERN
P003,2026-01-01 07:24:00,0.9591439688715954,0.056647455414568594,0,0.05978377978975254,0,0.20779090024419478,0,0.9501965294618718,1,1,0.5252211259500157,0.42126801918504825,57.87319808149518,ATTENTION_PATTERN
P003,2026-01-01 07:29:00,1.0,0.0587822421933583,0,0.0586320901145272,0,0.9768690622318922,1,0.9521934431558863,1,1,0.6501174285466982,0.47848037152546075,52.15196284745392,ATTENTION_PATTERN
P003,2026-01-01 07:34:00,1.0,0.9592515718573447,1,0.05822544268940309,0,0.977651422504701,1,0.9536984392688524,1,1,0.8267770505051011,0.5655545412703709,43.44454587296291,ATTENTION_PATTERN
P003,2026-01-01 07:39:00,1.0,0.9583427865721831,1,0.057869013539340285,0,0.9767295202274452,1,0.9526592465948209,1,1,0.8263226899885643,0.6307465784499192,36.92534215500808,ATTENTION_PATTERN
P003,2026-01-01 07:44:00,0.9961089494163424,0.9576972709839684,1,0.058110144395152594,0,0.9761566474295359,1,0.9522310484556135,1,1,0.8245173952411831,0.6791892826477351,32.08107173522649,ATTENTION_PATTERN
P003,2026-01-01 07:49:00,1.0,0.9576108980616983,1,0.05798360804473041,0,0.9763901998199539,1,0.952554498986038,1,1,0.8261421880612283,0.7159275090011085,28.407249099889153,ATTENTION_PATTERN
P003,2026-01-01 07:54:00,0.9961089494163424,0.9577342809499685,1,0.058458433993619274,0,0.9761971688590851,1,0.9526675375871232,1,1,0.8246254999342453,0.7431020067343926,25.689799326560735,ATTENTION_PATTERN
P003,2026-01-01 07:59:00,1.0,0.9575522427073915,1,0.05877489709585188,0,0.9762598374055453,1,0.9522008037701566,1,1,0.8262156670362213,0.7638804218098498,23.611957819015018,ATTENTION_PATTERN
P003,2026-01-01 08:04:00,1.0,0.9572656151250613,1,0.058764009570103574,0,0.9761919437883854,1,0.9461572114156575,1,1,0.8256404920615785,0.7793204393727821,22.067956062721795,ATTENTION_PATTERN
P003,2026-01-01 08:09:00,1.0,0.9560837486619976,1,0.05906669311848293,0,0.9771368822469697,1,0.5091654629106467,0,1,0.7888846815807268,0.7817114999247683,21.828850007523172,ATTENTION_PATTERN
P003,2026-01-01 08:14:00,1.0,0.9563523273231641,1,0.0586717073038574,0,0.9769737850022178,1,0.054483945466765035,0,1,0.750654884301907,0.7739473460190529,22.60526539809471,ATTENTION_PATTERN
P003,2026-01-01 08:19:00,0.9669260700389105,0.057811813187501025,0,0.05888063648523806,0,0.20831347670462386,0,0.0552870765042992,0,1,0.45340460433530977,0.693811660598117,30.618833940188296,ATTENTION_PATTERN
P003,2026-01-01 08:24:00,0.9824902723735408,0.057219402436421,0,0.059131107580661285,0,0.2192900453238073,0,0.9518226723620425,1,1,0.5365887319927329,0.6545059284467711,34.54940715532289,ATTENTION_PATTERN
P003,2026-01-01 08:29:00,0.9708171206225681,0.056642551332081334,0,0.05959785881034621,0,0.21368756685065893,0,0.9497114996581709,1,1,0.5307830593681027,0.623575211177104,37.642478882289595,ATTENTION_PATTERN
P003,2026-01-01 08:34:00,0.9416342412451362,0.05651510260447047,0,0.05961488421164628,0,0.20646458110376004,0,0.9485248847768539,1,1,0.5196938927863263,0.5976048815794096,40.23951184205904,ATTENTION_PATTERN
P003,2026-01-01 08:39:00,0.9474708171206225,0.05614045389478842,0,0.05976556402475104,0,0.20829665740994696,0,0.9483834802783904,1,1,0.5205016637013409,0.5783290771098925,42.16709228901075,ATTENTION_PATTERN
P003,2026-01-01 08:44:00,0.9727626459143969,0.05673863863191504,0,0.05963215204924596,0,0.21390316071647839,0,0.9502962098736566,1,1,0.5316885089625543,0.5666689350730579,43.333106492694206,ATTENTION_PATTERN
P003,2026-01-01 08:49:00,0.9727626459143969,0.057627275407056804,0,0.05891057482586864,0,0.2117894598440173,0,0.9523564887134709,1,1,0.5316186020973545,0.5579063518291321,44.209364817086794,ATTENTION_PATTERN
P003,2026-01-01 08:54:00,0.7373540856031129,0.06017686688513267,0,0.059106902807718714,0,0.15068360409324538,0,0.05566172801197418,0,0,0.35128579857572545,0.5062512135157804,49.37487864842196,ATTENTION_PATTERN
P003,2026-01-01 08:59:00,0.9863813229571985,0.058752100088183795,0,0.06023507510492795,0,0.2315822891291452,0,0.05569342204180634,0,1,0.46512377722286974,0.49596935444255275,50.40306455574473,ATTENTION_PATTERN
P003,2026-01-01 09:04:00,0.9902723735408561,0.060081661791422054,0,0.9585890167857809,1,0.23733936387096288,0,0.058006793709079796,0,1,0.6189112600434601,0.5267048308427795,47.329516915722046,ATTENTION_PATTERN
P003,2026-01-01 09:09:00,0.9863813229571985,0.060169890650285544,0,0.9577729177969864,1,0.22679087120215397,0,0.05801762720457981,0,1,0.6157124564692017,0.5489567372493851,45.10432627506149,ATTENTION_PATTERN
P003,2026-01-01 09:14:00,0.9630350194552529,0.06030844462588991,0,0.9574420469900554,1,0.22911332276264115,0,0.05810672585687137,0,1,0.6063979772153149,0.5633170472408675,43.66829527591325,ATTENTION_PATTERN
P003,2026-01-01 09:19:00,0.9649805447470817,0.06022936343047319,0,0.9573946861111103,1,0.2313072355895311,0,0.05806061466807321,0,1,0.6074793515494894,0.574357623318023,42.564237668197705,ATTENTION_PATTERN
P003,2026-01-01 09:24:00,0.9688715953307393,0.060174524346171744,0,0.9574142813112583,1,0.2312351396126819,0,0.05803452749087367,0,1,0.6090627231634145,0.5830338982793708,41.69661017206292,ATTENTION_PATTERN
P003,2026-01-01 09:29:00,0.9688715953307393,0.06019383044913021,0,0.9574578207194452,1,0.21888797099333082,0,0.058072598497701494,0,1,0.6073484161380341,0.5891125277440367,41.088747225596336,ATTENTION_PATTERN
P003,2026-01-01 09:34:00,0.9688715953307393,0.06023956020046089,0,0.9575682000943817,1,0.21654636585644704,0,0.05810068151007168,0,1,0.6070504571581596,0.5935970100975674,40.64029899024326,ATTENTION_PATTERN
P003,2026-01-01 09:39:00,0.9591439688715954,0.060432359209339474,0,0.9577587175631043,1,0.2163350028457499,0,0.058246957302969575,0,1,0.6030951669425837,0.5959715493088215,40.40284506911785,ATTENTION_PATTERN
P003,2026-01-01 09:44:00,0.9727626459143969,0.05938103516512627,0,0.9587471221166273,1,0.22260996693469082,0,0.05663769083308759,0,1,0.6094093709255257,0.5993310047129975,40.06689952870025,ATTENTION_PATTERN
P003,2026-01-01 09:49:00,0.9727626459143969,0.05898491930811316,0,0.9474972964892203,1,0.22410545675600962,0,0.055214879308867384,0,1,0.6075316139190969,0.6013811570145224,39.86188429854776,ATTENTION_PATTERN
P003,2026-01-01 09:54:00,0.14785992217898833,0.06524748827626303,0,0.06087687662479685,0,0.0619322249631581,0,0.05827307997450882,0,0,0.0974995611255575,0.4754107580422812,52.45892419577187,ATTENTION_PATTERN
P003,2026-01-01 09:59:00,0.42996108949416345,0.06308429126849428,0,0.05955320391363862,0,0.0974749628203457,0,0.05675648583306545,0,0,0.2179274678225374,0.41103993548734524,58.89600645126547,ATTENTION_PATTERN
P003,2026-01-01 10:04:00,0.10700389105058365,0.0655324837117645,0,0.061062761707665635,0,0.0583077544759693,0,0.05778243289251982,0,0,0.08020532387684151,0.3283312825847193,67.16687174152807,WATCH_PATTERN
P003,2026-01-01 10:09:00,0.5914396887159533,0.06189452919703133,0,0.05861711286519748,0,0.1259407630660617,0,0.056317319582635146,0,0,0.2880145161091341,0.31825209096582296,68.1747909034177,WATCH_PATTERN
P003,2026-01-01 10:14:00,0.301556420233463,0.06441107782567075,0,0.05968053137789742,0,0.08044384983768782,0,0.058107617885161375,0,0,0.16303532454113484,0.2794478993596509,72.0552100640349,WATCH_PATTERN
P003,2026-01-01 10:19:00,0.13229571984435798,0.0656749612574732,0,0.06042198586100955,0,0.06130147405178511,0,0.05870128912981972,0,0,0.0910421372611446,0.23234645883502433,76.76535411649756,WATCH_PATTERN
P003,2026-01-01 10:24:00,0.11284046692607004,0.065967394698549,0,0.06043672850966315,0,0.05953508442415867,0,0.05869047507342287,0,0,0.0828381638496296,0.19496938508867565,80.50306149113243,STABLE_PATTERN
P003,2026-01-01 10:29:00,0.0019455252918287938,0.06677813592703422,0,0.06092016799291006,0,0.0498171079824012,0,0.05856752574855155,0,0,0.05546850975571718,0.16009416625543602,83.99058337445639,STABLE_PATTERN
P003,2026-01-01 10:34:00,0.29571984435797666,0.06461975119011142,0,0.05932351663577599,0,0.08024016227897678,0,0.05781509510190144,0,0,0.16055848861117505,0.16021024684437077,83.97897531556292,STABLE_PATTERN
P003,2026-01-01 10:39:00,0.20622568093385213,0.06531574951530049,0,0.05935208575377918,0,0.07006982426152923,0,0.05838202124244945,0,0,0.12245188303736071,0.15077065589261823,84.92293441073816,STABLE_PATTERN
P003,2026-01-01 10:44:00,0.2178988326848249,0.06533484850492585,0,0.059094897924576534,0,0.07129998112019079,0,0.05833063286384386,0,0,0.12738966274183178,0.14492540760492162,85.50745923950784,STABLE_PATTERN
P003,2026-01-01 10:49:00,0.22762645914396887,0.06535785539869116,0,0.059054288776565086,0,0.07271482233620255,0,0.05826239991594072,0,0,0.13158747805992893,0.14159092521867345,85.84090747813265,STABLE_PATTERN
P003,2026-01-01 10:54:00,0.29961089494163423,0.06449998529501846,0,0.05863191097233568,0,0.08157972239486982,0,0.057817243779116255,0,0,0.16220965648985686,0.1467456080364693,85.32543919635307,STABLE_PATTERN
P003,2026-01-01 10:59:00,0.32879377431906615,0.0642688614824038,0,0.0584664294985757,0,0.08565154457994746,0,0.057464319439655374,0,0,0.17470031109989081,0.15373428380232468,84.62657161976753,STABLE_PATTERN
P003,2026-01-01 11:04:00,0.11673151750972763,0.06610043824074263,0,0.059337064700293415,0,0.06104101718402537,0,0.058606623185743015,0,0,0.08448639673220859,0.13642231203479566,86.35776879652045,STABLE_PATTERN
P003,2026-01-01 11:09:00,0.17704280155642024,0.0659248340671542,0,0.059011405004441395,0,0.06704939392608417,0,0.05869947836764522,0,0,0.11009448909168748,0.1298403562990186,87.01596437009815,STABLE_PATTERN
P003,2026-01-01 11:14:00,0.07976653696498054,0.06641138138163082,0,0.05925179035348216,0,0.05751268336783014,0,0.058800869526922823,0,0,0.06882579347151435,0.11458671559214255,88.54132844078575,STABLE_PATTERN
P003,2026-01-01 11:19:00,0.054474708171206226,0.06665732968916403,0,0.0591822927169676,0,0.05539088478978554,0,0.05853245905429947,0,0,0.06177727844858215,0.10138435630625245,89.86156436937476,STABLE_PATTERN
P003,2026-01-01 11:24:00,0.005836575875486381,0.06698890029167717,0,0.059324566251021574,0,0.051067096513943235,0,0.05846032794633239,0,0,0.055906779232341955,0.09001496203777483,90.99850379622252,STABLE_PATTERN
P003,2026-01-01 11:29:00,0.021400778210116732,0.06707723145229604,0,0.05913083324646281,0,0.05245958192786193,0,0.058691707329008455,0,0,0.05787561883081503,0.08198012623603489,91.80198737639651,STABLE_PATTERN
P003,2026-01-01 11:34:00,0.26264591439688717,0.06499315884317503,0,0.0582175524216813,0,0.07746152961258572,0,0.05783557774234254,0,0,0.14643212734774103,0.09809312651396142,90.19068734860386,STABLE_PATTERN
P003,2026-01-01 11:39:00,0.31906614785992216,0.06442328228548362,0,0.05774730120663215,0,0.08502181422873603,0,0.0574297310868048,0,0,0.17051091425227155,0.11619757344853895,88.3802426551461,STABLE_PATTERN
P003,2026-01-01 11:44:00,0.08949416342412451,0.06655542535183062,0,0.05882299069689124,0,0.05878875751678679,0,0.058399399072904125,0,0,0.07293469671124993,0.10538185426421669,89.46181457357834,STABLE_PATTERN
P003,2026-01-01 11:49:00,0.14202334630350194,0.06611612150455348,0,0.05869183403622111,0,0.06390294230304412,0,0.05811583887998547,0,0,0.09516074899836538,0.10282657794775385,89.71734220522461,STABLE_PATTERN
P003,2026-01-01 11:54:00,0.4961089494163424,0.06314584507210085,0,0.05721442645039177,0,0.11212426376773926,0,0.056724124651298016,0,0,0.2468477198355232,0.1388318634196962,86.11681365803038,STABLE_PATTERN
P003,2026-01-01 11:59:00,0.6964980544747081,0.061536702011221064,0,0.05628858016712901,0,0.15255365537120824,0,0.055840317388468994,0,0,0.3345229719184573,0.18775464054438645,81.22453594556136,STABLE_PATTERN
P004,2026-01-01 00:14:00,0.5350194552529183,0.061516354047160014,0,0.05791941823242801,0,0.11832925663246095,0,0.05656249961972373,0,0,0.2635330291170949,0.2635330291170949,73.64669708829051,WATCH_PATTERN
P004,2026-01-01 00:19:00,0.20817120622568094,0.06374559464660595,0,0.059490220738206014,0,0.07086787637993011,0,0.0578393494111247,0,0,0.12303503864345862,0.22840853149868584,77.1591468501314,WATCH_PATTERN
P004,2026-01-01 00:24:00,0.15369649805447472,0.06446918779618731,0,0.05961610575903383,0,0.06465435883336736,0,0.05812446622035982,0,0,0.09990848917319563,0.19628352091731327,80.37164790826867,STABLE_PATTERN
P004,2026-01-01 00:29:00,0.16731517509727625,0.06408257488767398,0,0.05964683527361454,0,0.0659655129878142,0,0.057915241465055174,0,0,0.10561475724538778,0.1736163299993319,82.63836700006681,STABLE_PATTERN
P004,2026-01-01 00:34:00,0.3229571984435798,0.06298685731475313,0,0.058824515816475006,0,0.0847336919818725,0,0.05769805649000301,0,0,0.17199566207223668,0.17321116301755812,82.67888369824419,STABLE_PATTERN
P004,2026-01-01 00:39:00,0.4591439688715953,0.06188619373713632,0,0.05837330984988015,0,0.10491227871687878,0,0.05682856100713123,0,0,0.2305650433473179,0.18754963309999806,81.24503669000019,STABLE_PATTERN
P004,2026-01-01 00:44:00,0.40077821011673154,0.0623951705412343,0,0.05862859838114803,0,0.0955596420562032,0,0.057043449015778146,0,0,0.20536968012740198,0.19200464485684904,80.7995355143151,STABLE_PATTERN
P004,2026-01-01 00:49:00,0.745136186770428,0.059655769379842086,0,0.057338225646867344,0,0.16073983113249643,0,0.055572477134103494,0,0,0.3554931260943533,0.23287676516622507,76.71232348337749,WATCH_PATTERN
P004,2026-01-01 00:54:00,0.8793774319066148,0.058766096589282724,0,0.056842065872288405,0,0.19500084665191758,0,0.05496350311388674,0,0,0.41528817673640406,0.2784796180587698,72.15203819412301,WATCH_PATTERN
P004,2026-01-01 00:59:00,0.9766536964980544,0.05884513747134025,0,0.05622321474878883,0,0.22304386018543088,0,0.055464314365432255,0,1,0.45924561281203424,0.32367111674708593,67.6328883252914,WATCH_PATTERN
P004,2026-01-01 01:04:00,0.9941634241245136,0.9590702829865362,1,0.05499583526928725,0,0.22568580936972765,0,0.0575603521238733,0,1,0.6432434894200683,0.4035642099153315,59.64357900846685,ATTENTION_PATTERN
P004,2026-01-01 01:09:00,0.9941634241245136,0.9586276515267046,1,0.05468990111187878,0,0.2220696357284538,0,0.05815416581237322,0,1,0.6426489527555521,0.4633353956253866,53.66646043746134,ATTENTION_PATTERN
P004,2026-01-01 01:14:00,0.9844357976653697,0.9582425351139239,1,0.05457567294731036,0,0.21777563918105333,0,0.057994433154441805,0,1,0.6379319204459302,0.5069845268305225,49.30154731694775,ATTENTION_PATTERN
P004,2026-01-01 01:19:00,1.0,0.9582508265137469,1,0.9503808595130705,1,0.21997583325785827,0,0.05712153361953123,0,1,0.7950759718750311,0.5790073880916498,42.09926119083502,ATTENTION_PATTERN
P004,2026-01-01 01:24:00,1.0,0.958082799089457,1,0.9561034365380817,1,0.2380522332329642,0,0.05723825883277316,0,1,0.7985449323544992,0.6338917741573621,36.61082258426379,ATTENTION_PATTERN
P004,2026-01-01 01:29:00,1.0,0.9584152411171302,1,0.9549581505532699,1,0.2448175521642543,0,0.05809463827658698,0,1,0.7994367634701358,0.6752780214855556,32.47219785144444,ATTENTION_PATTERN
P004,2026-01-01 01:34:00,0.9961089494163424,0.9585576482440967,1,0.95476184400897,1,0.2584219436412937,0,0.05823736627346674,0,1,0.7997451868856353,0.7063948128355755,29.360518716442453,ATTENTION_PATTERN
P004,2026-01-01 01:39:00,1.0,0.9587599451340132,1,0.9550058260442166,1,0.2305888233849386,0,0.05862048144643354,0,1,0.7975644837370868,0.7291872305609534,27.081276943904665,ATTENTION_PATTERN
P004,2026-01-01 01:44:00,1.0,0.958435441329921,1,0.955983877178691,1,0.2342240817341107,0,0.05968123403881537,0,1,0.7982632329687207,0.7464562311628952,25.354376883710483,ATTENTION_PATTERN
P004,2026-01-01 01:49:00,1.0,0.9580287433259064,1,0.11570595770776061,0,0.2210096456313688,0,0.058813577487294,0,1,0.6550939254841057,0.7236156547431978,27.63843452568022,ATTENTION_PATTERN
P004,2026-01-01 01:54:00,0.9863813229571985,0.9580841646812238,1,0.05545764561668743,0,0.21658532594542462,0,0.057527430456066585,0,1,0.6386447355901581,0.7023729249549377,29.762707504506224,ATTENTION_PATTERN
P004,2026-01-01 01:59:00,0.9863813229571985,0.957940913673014,1,0.05541945492766,0,0.21548184488496241,0,0.057268000739251916,0,1,0.6384339629121153,0.6863881844442321,31.36118155557679,ATTENTION_PATTERN
P004,2026-01-01 02:04:00,0.9922178988326849,0.956273797091229,1,0.05592172021836816,0,0.22250338863688834,0,0.054596713486065866,0,1,0.6413548858876268,0.6751298598050808,32.48701401949192,ATTENTION_PATTERN
P004,2026-01-01 02:09:00,0.9902723735408561,0.9559870707902177,1,0.05621605398703122,0,0.22662996311036415,0,0.053328839694877624,0,1,0.6410177982133574,0.66660184440715,33.339815559285,ATTENTION_PATTERN
P004,2026-01-01 02:14:00,0.5583657587548638,0.06074175827462652,0,0.058855835031664853,0,0.1206636327291189,0,0.05480464186071265,0,0,0.27333635601252687,0.5682854723084942,43.17145276915058,ATTENTION_PATTERN
P004,2026-01-01 02:19:00,0.5097276264591439,0.06125581261826715,0,0.05900025606242257,0,0.1125084926491894,0,0.055569805562345566,0,0,0.2523450170309582,0.48930035848911024,51.069964151088975,ATTENTION_PATTERN
P004,2026-01-01 02:24:00,0.6634241245136187,0.05989948125582252,0,0.0585246598557055,0,0.1420989332351008,0,0.05450020217608566,0,0,0.31937504811721595,0.44681903089613667,55.31809691038634,ATTENTION_PATTERN
P004,2026-01-01 02:29:00,0.7840466926070039,0.059121756998222974,0,0.05787824711618833,0,0.16889091211171625,0,0.05407319703804152,0,0,0.3725255234880927,0.4282456540441257,57.175434595587426,ATTENTION_PATTERN
P004,2026-01-01 02:34:00,0.5058365758754864,0.0612272584609098,0,0.05917442368406293,0,0.11075530274836701,0,0.0555749627524885,0,0,0.2505205543539417,0.3838143791215797,61.61856208784203,WATCH_PATTERN
P004,2026-01-01 02:39:00,0.18093385214007782,0.06355251663362564,0,0.06063930042265635,0,0.06645414155685604,0,0.05661175352683746,0,0,0.11124740992712315,0.3156726368229656,68.43273631770343,WATCH_PATTERN
P004,2026-01-01 02:44:00,0.45525291828793774,0.061274855239252524,0,0.05964188653394429,0,0.10305728519125762,0,0.05514186063396595,0,0,0.22865384711925568,0.2939179393970381,70.60820606029618,WATCH_PATTERN
P004,2026-01-01 02:49:00,0.7976653696498055,0.05851288286553193,0,0.05798301708304113,0,0.17273006042798583,0,0.053683781394596355,0,0,0.3785394503043792,0.3150733171238733,68.49266828761267,WATCH_PATTERN
P004,2026-01-01 02:54:00,0.6459143968871596,0.05978633310197225,0,0.05868920057360299,0,0.13800855719062358,0,0.05404619336325419,0,0,0.31155571675106225,0.31419391703067057,68.58060829693294,WATCH_PATTERN
P004,2026-01-01 02:59:00,0.7684824902723736,0.05886997539339808,0,0.05809609372420422,0,0.16459018509107776,0,0.053721368350505054,0,0,0.3654686657691836,0.3270126042152988,67.29873957847012,WATCH_PATTERN
P004,2026-01-01 03:04:00,0.5972762645914397,0.06024485781454673,0,0.059039741106060924,0,0.1273898105753813,0,0.05462706970379884,0,0,0.290227736984815,0.31781638740767787,68.21836125923222,WATCH_PATTERN
P004,2026-01-01 03:09:00,0.6984435797665369,0.05938277764941973,0,0.058594061538339515,0,0.148166505059215,0,0.05378434500836784,0,0,0.3345027773105335,0.3219879848833918,67.80120151166082,WATCH_PATTERN
P004,2026-01-01 03:14:00,0.3638132295719844,0.06184481554094302,0,0.06012190578453817,0,0.08839489484042248,0,0.05493670653767481,0,0,0.18910308322830865,0.28876675946962105,71.12332405303789,WATCH_PATTERN
P004,2026-01-01 03:19:00,0.36770428015564205,0.06189576295207328,0,0.05986738248839378,0,0.08898931246391537,0,0.05515187256692974,0,0,0.19077471426135129,0.26426874816755364,73.57312518324464,WATCH_PATTERN
P004,2026-01-01 03:24:00,0.49221789883268485,0.06072807890110704,0,0.05945367746618069,0,0.1084713797125455,0,0.05470001145057924,0,0,0.24446548971960652,0.25931793355556687,74.06820664444331,WATCH_PATTERN
P004,2026-01-01 03:29:00,0.5233463035019456,0.06044877317647764,0,0.059301105405509064,0,0.11366546417539285,0,0.05471416288330862,0,0,0.2579383769602696,0.25897304440674257,74.10269555932574,WATCH_PATTERN
P004,2026-01-01 03:34:00,0.5330739299610895,0.06047540003340784,0,0.05945551965987517,0,0.11513713975277019,0,0.05429656781126657,0,0,0.26214827611491004,0.25976685233378444,74.02331476662157,WATCH_PATTERN
P004,2026-01-01 03:39:00,0.48443579766536965,0.06073704928493787,0,0.059488243589419114,0,0.10642876099155643,0,0.05431932057028845,0,0,0.24094888468772463,0.2550623604222695,74.49376395777306,WATCH_PATTERN
P004,2026-01-01 03:44:00,0.6186770428015564,0.05989064126317368,0,0.05887761559181556,0,0.12990829488380937,0,0.0539571374805321,0,0,0.2992445075733463,0.2661078972100387,73.38921027899613,WATCH_PATTERN
P004,2026-01-01 03:49:00,0.9883268482490273,0.0595285655511296,0,0.056389678034288813,0,0.2203090013799016,0,0.0560193399245525,0,1,0.46388061098322975,0.31555107565333645,68.44489243466636,WATCH_PATTERN
P004,2026-01-01 03:54:00,0.9922178988326849,0.9592583725168795,1,0.05605038631629662,0,0.21913295647213785,0,0.05724859448978376,0,1,0.6417123760767536,0.39709140075919075,60.29085992408092,WATCH_PATTERN
P004,2026-01-01 03:59:00,1.0,0.9580889979442058,1,0.0572938489128017,0,0.21476875942911347,0,0.05757742985447889,0,1,0.6443149406422671,0.4588972857299598,54.11027142700402,ATTENTION_PATTERN
P004,2026-01-01 04:04:00,1.0,0.9578819069499127,1,0.9573479054283246,1,0.21201594925480624,0,0.056063687004351784,0,1,0.7949708844781799,0.5429156854170148,45.70843145829851,ATTENTION_PATTERN
P004,2026-01-01 04:09:00,1.0,0.9582844782780313,1,0.9562728059737744,1,0.21482252370964383,0,0.05680973572293106,0,1,0.7953247602661646,0.6060179541293023,39.39820458706977,ATTENTION_PATTERN
P004,2026-01-01 04:14:00,1.0,0.9586951130811819,1,0.9555727146272797,1,0.2309861314429119,0,0.05722425501469583,0,1,0.7975853540445367,0.6539098041081108,34.60901958918892,ATTENTION_PATTERN
P004,2026-01-01 04:19:00,1.0,0.9586591669477429,1,0.9554472826811142,1,0.2260017895171817,0,0.05741905854860931,0,1,0.7968757916626734,0.6896513009967515,31.034869900324846,ATTENTION_PATTERN
P004,2026-01-01 04:24:00,1.0,0.9586817109639048,1,0.955498952862846,1,0.22120628167529727,0,0.05748456325418417,0,1,0.7962230221777766,0.7162942312920078,28.370576870799226,ATTENTION_PATTERN
P004,2026-01-01 04:29:00,0.9961089494163424,0.9588287973120175,1,0.9559559408974776,1,0.21421846681398551,0,0.05770185474144965,0,1,0.7937654706557045,0.735662041132932,26.4337958867068,ATTENTION_PATTERN
P004,2026-01-01 04:34:00,0.9961089494163424,0.9589404253023787,1,0.9559509889875362,1,0.21384358743095935,0,0.057795078893965506,0,1,0.7937418655361328,0.7501819972337321,24.981800276626785,ATTENTION_PATTERN
P004,2026-01-01 04:39:00,1.0,0.9588365126244633,1,0.9564819113847973,1,0.2162472359491817,0,0.058989737638058135,0,1,0.7958506685815231,0.7615991650706799,23.840083492932006,ATTENTION_PATTERN
P004,2026-01-01 04:44:00,1.0,0.9584542833659981,1,0.9568666703222883,1,0.21567228840316863,0,0.05877469126272001,0,1,0.7957418345963921,0.7701348324521079,22.98651675478921,ATTENTION_PATTERN
P004,2026-01-01 04:49:00,0.9941634241245136,0.9577585615546256,1,0.05817300174111588,0,0.2128880427774296,0,0.057632307298500385,0,1,0.6417345128984279,0.7380347525636879,26.196524743631212,ATTENTION_PATTERN
P004,2026-01-01 04:54:00,0.9844357976653697,0.9578774743829683,1,0.0554862665080521,0,0.20939132861286594,0,0.05745198399688801,0,1,0.6367939790520867,0.7127245591857876,28.727544081421243,ATTENTION_PATTERN
P004,2026-01-01 04:59:00,0.9941634241245136,0.9564120316959069,1,0.05614400414114435,0,0.214053384551922,0,0.055765757862105914,0,1,0.6411360791450955,0.6948274391756146,30.517256082438536,ATTENTION_PATTERN
P004,2026-01-01 05:04:00,0.9961089494163424,0.9550146960236768,1,0.05611411779416731,0,0.21696436950084363,0,0.05265473200324888,0,1,0.6418049485879849,0.6815718165287072,31.842818347129274,ATTENTION_PATTERN
P004,2026-01-01 05:09:00,0.9922178988326849,0.056289178934505336,0,0.05664415035896482,0,0.220826591293459,0,0.05223322486470932,0,1,0.4646459843202551,0.6273403584765942,37.26596415234058,ATTENTION_PATTERN
P004,2026-01-01 05:14:00,0.7217898832684825,0.05878615683856202,0,0.0584337576596954,0,0.1500590582809563,0,0.05427824772306343,0,0,0.344284030901873,0.5565762765829139,44.34237234170861,ATTENTION_PATTERN
P004,2026-01-01 05:19:00,0.7996108949416343,0.05819397805557024,0,0.05777661721960746,0,0.16691615809299923,0,0.053920013123837124,0,0,0.37844972334316135,0.5120446382729757,48.79553617270243,ATTENTION_PATTERN
P004,2026-01-01 05:24:00,0.5603112840466926,0.06019644471544546,0,0.058886841908914814,0,0.11632031005975259,0,0.055560908397733755,0,0,0.27349170134593737,0.4524064040412161,54.75935959587839,ATTENTION_PATTERN
P004,2026-01-01 05:29:00,0.4027237354085603,0.06145636679189879,0,0.06007248642163433,0,0.09095416857919274,0,0.056668234784476204,0,0,0.20555351992135656,0.3906931830112512,60.93068169887488,WATCH_PATTERN
P004,2026-01-01 05:34:00,0.2607003891050584,0.062453193041653525,0,0.06073689346923244,0,0.07259368536806544,0,0.05693869855178226,0,0,0.14479915088015805,0.3292196749784779,67.07803250215221,WATCH_PATTERN
P004,2026-01-01 05:39:00,0.7626459143968871,0.05855701741451548,0,0.05806650019165894,0,0.15747719456864206,0,0.05466383863639448,0,0,0.3620810338620282,0.3374350146993655,66.25649853006345,WATCH_PATTERN
P004,2026-01-01 05:44:00,0.8852140077821011,0.05758293980086678,0,0.05740791410428141,0,0.18871142500963292,0,0.05391126185522811,0,0,0.4165871024739026,0.3572230366429998,64.27769633570001,WATCH_PATTERN
P004,2026-01-01 05:49:00,0.7295719844357976,0.05883562088922222,0,0.05820546511848898,0,0.15060814811399412,0,0.05436166615056905,0,0,0.3475454781143493,0.3548036470108372,64.51963529891628,WATCH_PATTERN
P004,2026-01-01 05:54:00,0.20038910505836577,0.06272917473390467,0,0.06064673763950766,0,0.06633310628109282,0,0.05667497343753467,0,0,0.1190912141034352,0.2958755387839867,70.41244612160133,WATCH_PATTERN
P004,2026-01-01 05:59:00,0.7023346303501945,0.05917508263923383,0,0.05831338142258241,0,0.14399033752233847,0,0.0555849848505727,0,0,0.33558461796113925,0.30580280857827485,69.41971914217251,WATCH_PATTERN
P004,2026-01-01 06:04:00,0.8093385214007782,0.05859818059444362,0,0.06007853064315539,0,0.16843715286791558,0,0.05527958615486697,0,0,0.3832505940001987,0.3251647549337558,67.48352450662442,WATCH_PATTERN
P004,2026-01-01 06:09:00,0.72568093385214,0.0592610404507222,0,0.0601272849502897,0,0.14819443395610757,0,0.05610256485485975,0,0,0.34615692874873516,0.33041279838750065,66.95872016124993,WATCH_PATTERN
P004,2026-01-01 06:14:00,0.9708171206225681,0.057528878568247774,0,0.061933603294212186,0,0.2553919714613125,0,0.05477487879932192,0,1,0.462013125073029,0.36331288005888274,63.668711994111725,WATCH_PATTERN
P004,2026-01-01 06:19:00,0.9844357976653697,0.05779330689252438,0,0.05841260464177276,0,0.978068075170312,1,0.054203565409775285,0,1,0.5682109843871497,0.41453740614094947,58.54625938590505,ATTENTION_PATTERN
P004,2026-01-01 06:24:00,0.9844357976653697,0.057901411549051846,0,0.05715429509519012,0,0.9781469108085558,1,0.054462341026461296,0,1,0.5680535510371589,0.45291644236500184,54.70835576349982,ATTENTION_PATTERN
P004,2026-01-01 06:29:00,0.9688715953307393,0.05783159856658031,0,0.056785964482988144,0,0.9775077036809001,1,0.05418969699835311,0,1,0.5640439781966922,0.4806983263229244,51.93016736770756,ATTENTION_PATTERN
P004,2026-01-01 06:34:00,0.9688715953307393,0.05769785625496862,0,0.05685185005948197,0,0.9776104286828823,1,0.058432975368891193,0,1,0.5644304678644647,0.5016313617083095,49.836863829169054,ATTENTION_PATTERN
P004,2026-01-01 06:39:00,0.9727626459143969,0.05770125712227304,0,0.056783710817924056,0,0.977743101650962,1,0.057616661367119966,0,1,0.5648452904370505,0.5174348438904948,48.25651561095052,ATTENTION_PATTERN
P004,2026-01-01 06:44:00,0.9727626459143969,0.05787164515305923,0,0.05687972356731238,0,0.9776798234438522,1,0.06366456562601755,0,1,0.565374998179601,0.5294198824627714,47.05801175372286,ATTENTION_PATTERN
P004,2026-01-01 06:49:00,0.9747081712062257,0.05793521484288945,0,0.05680533621562244,0,0.9777199115279739,1,0.055404555079284525,0,1,0.5649166574674966,0.5382940762139528,46.170592378604724,ATTENTION_PATTERN
P004,2026-01-01 06:54:00,0.9863813229571985,0.057388914403138015,0,0.05733422906270649,0,0.9781218265062286,1,0.056145234896382706,0,1,0.5689227382060836,0.5459512417119855,45.40487582880145,ATTENTION_PATTERN
P004,2026-01-01 06:59:00,0.9844357976653697,0.057351097308893685,0,0.057644616830485454,0,0.9774160598083896,1,0.05832985479851658,0,1,0.5682506155144469,0.5515260851626008,44.84739148373992,ATTENTION_PATTERN
P004,2026-01-01 07:04:00,0.9747081712062257,0.05749089430247116,0,0.05783506711659055,0,0.21327058494167597,0,0.05656884894626557,0,1,0.4571739382991574,0.52793804844674,47.206195155326,ATTENTION_PATTERN
P004,2026-01-01 07:09:00,0.2801556420233463,0.06262534856191923,0,0.06047923354975508,0,0.07486239174120198,0,0.05706534874974933,0,0,0.15313342820686093,0.4342368933867702,56.57631066132298,ATTENTION_PATTERN
P004,2026-01-01 07:14:00,0.585603112840467,0.060388104356136965,0,0.05903895115390713,0,0.12087375692884221,0,0.05606641833833268,0,0,0.2846549998483895,0.39684142000217504,60.315857999782494,WATCH_PATTERN
P004,2026-01-01 07:19:00,0.8229571984435797,0.05881926880066825,0,0.057774520370937256,0,0.17142516054556,0,0.05601065239856029,0,0,0.38899747914386074,0.3948804347875965,60.51195652124035,WATCH_PATTERN
P004,2026-01-01 07:24:00,0.7821011673151751,0.05907616296363126,0,0.05807171272710082,0,0.16165786085332373,0,0.05583921443491608,0,0,0.3708832511448751,0.3888811388769161,61.11188611230839,WATCH_PATTERN
P004,2026-01-01 07:29:00,0.8210116731517509,0.05882059456923171,0,0.05816349459888925,0,0.1709888432969874,0,0.05537277670525133,0,0,0.38814686427152356,0.38869757022556795,61.1302429774432,WATCH_PATTERN
P004,2026-01-01 07:34:00,0.6284046692607004,0.060252355981754206,0,0.05881819961517654,0,0.12846594126543706,0,0.056446613950265324,0,0,0.3033203903921655,0.36735327526721734,63.264672473278274,WATCH_PATTERN
P004,2026-01-01 07:39:00,0.8404669260700389,0.05880782127218264,0,0.05777662029007512,0,0.17644585698829937,0,0.055725293019963984,0,0,0.39688852331097535,0.37473708727815686,62.526291272184324,WATCH_PATTERN
P004,2026-01-01 07:44:00,0.7879377431906615,0.059197934080048066,0,0.05797197159139007,0,0.16343802647577776,0,0.0560134646531366,0,0,0.3735588912390678,0.3744425382683846,62.555746173161545,WATCH_PATTERN
P004,2026-01-01 07:49:00,0.7957198443579766,0.05909218742595248,0,0.05800840871134579,0,0.16502939056738722,0,0.05571631024916253,0,0,0.37694834201484295,0.37506898920499915,62.49310107950008,WATCH_PATTERN
P004,2026-01-01 07:54:00,0.8171206225680934,0.058868085011931165,0,0.05792067302419168,0,0.17011607117445315,0,0.05549065804549385,0,0,0.3863999794687021,0.37790173677092487,62.20982632290751,WATCH_PATTERN
P004,2026-01-01 07:59:00,0.6906614785992218,0.0598399765521091,0,0.05851661234217202,0,0.14137459241221614,0,0.05654464674798432,0,0,0.33065414872511856,0.3660898397594733,63.39101602405267,WATCH_PATTERN
P004,2026-01-01 08:04:00,0.9221789883268483,0.05839875669023068,0,0.059455023699589604,0,0.19744630846938888,0,0.05661110714016068,0,1,0.4337701596689657,0.3830099197368464,61.69900802631536,WATCH_PATTERN
P004,2026-01-01 08:09:00,0.9649805447470817,0.057999473258332046,0,0.06172233052475009,0,0.20945220291564043,0,0.061350964851140874,0,1,0.45378602217827424,0.4007039453472033,59.929605465279664,ATTENTION_PATTERN
P004,2026-01-01 08:14:00,0.9863813229571985,0.057367544210860336,0,0.0625799450124878,0,0.21764609980345306,0,0.9513516938443751,1,1,0.5385305707412033,0.43516060169570336,56.48393983042966,ATTENTION_PATTERN
P004,2026-01-01 08:19:00,0.9630350194552529,0.05701671649008012,0,0.05837161118313942,0,0.21353374935136027,0,0.9517559121507692,1,1,0.5275943566562423,0.45826904043583816,54.173095956416184,ATTENTION_PATTERN
P004,2026-01-01 08:24:00,0.9494163424124513,0.05719220167826706,0,0.05746403105639346,0,0.21081618763559765,0,0.9514081412982452,1,1,0.5220532516241188,0.4742150932329083,52.578490676709166,ATTENTION_PATTERN
P004,2026-01-01 08:29:00,0.953307392996109,0.05695467175599785,0,0.05755039806044399,0,0.2122537052526414,0,0.9513699216272781,1,1,0.5232248206047883,0.48646752507587826,51.353247492412166,ATTENTION_PATTERN
P004,2026-01-01 08:34:00,0.9357976653696498,0.05697650053588683,0,0.05760724284793422,0,0.20794847970377575,0,0.950928622605049,1,1,0.519924127663755,0.4948316757228474,50.51683242771525,ATTENTION_PATTERN
P004,2026-01-01 08:39:00,0.9299610894941635,0.05718997896387625,0,0.0574930566675643,0,0.2064266544785092,0,0.9509861461368295,1,1,0.5191021231639507,0.5008992875831232,49.91007124168768,ATTENTION_PATTERN
P004,2026-01-01 08:44:00,0.9377431906614786,0.05710154822869207,0,0.05737762948601773,0,0.20898477537280963,0,0.9509746184891203,1,1,0.5202907046125758,0.5057471418404864,49.425285815951355,ATTENTION_PATTERN
P004,2026-01-01 08:49:00,0.9299610894941635,0.057266104224882375,0,0.05728932305242061,0,0.20724646828073762,0,0.9515775131825556,1,1,0.5194246753456344,0.5091665252167734,49.08334747832266,ATTENTION_PATTERN
P004,2026-01-01 08:54:00,0.9552529182879378,0.05696511304232422,0,0.057066243098971556,0,0.2142052903310162,0,0.9514371647434388,1,1,0.5242259558163442,0.5129313828666662,48.70686171333338,ATTENTION_PATTERN
P004,2026-01-01 08:59:00,0.9688715953307393,0.05719862319987008,0,0.05729549548412114,0,0.21812747481554431,0,0.9520315065705334,1,1,0.5305201636908724,0.5173285780727177,48.26714219272823,ATTENTION_PATTERN
P004,2026-01-01 09:04:00,0.9727626459143969,0.057725812490911854,0,0.05710372035228083,0,0.21737677098850314,0,0.9528875592513306,1,1,0.5321611972996356,0.5210367328794472,47.896326712055284,ATTENTION_PATTERN
P004,2026-01-01 09:09:00,0.9552529182879378,0.05815893906412336,0,0.057156583425435385,0,0.20802965278277843,0,0.08843565120702156,0,1,0.45111840649765045,0.503557151283998,49.6442848716002,ATTENTION_PATTERN
P004,2026-01-01 09:14:00,0.2704280155642023,0.06339338463647096,0,0.0603518661802877,0,0.07372239888257288,0,0.05839101521734018,0,0,0.14920654044130477,0.4149694985733247,58.503050142667526,ATTENTION_PATTERN
P004,2026-01-01 09:19:00,0.17509727626459143,0.06439942606535316,0,0.06062521962718263,0,0.06339302192617663,0,0.05892327532688975,0,0,0.10877198042431102,0.3384201190360713,66.15798809639287,WATCH_PATTERN
P004,2026-01-01 09:24:00,0.11478599221789883,0.06456830968556226,0,0.06082578478078297,0,0.05763135950268391,0,0.05889530190864821,0,0,0.08318154502601825,0.274610475533558,72.5389524466442,WATCH_PATTERN
P004,2026-01-01 09:29:00,0.1303501945525292,0.06452915345843631,0,0.06054588345767228,0,0.05927406048911237,0,0.05894227342188069,0,0,0.0897732220902982,0.22840116217274303,77.15988378272569,WATCH_PATTERN
P004,2026-01-01 09:34:00,0.433852140077821,0.06221870862199187,0,0.05925673264415021,0,0.09609177063722889,0,0.058019768489607555,0,0,0.219223588128529,0.2261067686616895,77.38932313383104,WATCH_PATTERN
P004,2026-01-01 09:39:00,0.36964980544747084,0.0628074700971784,0,0.05946325685608815,0,0.08718275483757505,0,0.05798208076269648,0,0,0.19167189159655476,0.2174980493954058,78.25019506045943,WATCH_PATTERN
P004,2026-01-01 09:44:00,0.38910505836575876,0.0627559076490529,0,0.05926750179674774,0,0.09040867596218709,0,0.05816038088343299,0,0,0.20011106887667515,0.21315130426572315,78.68486957342769,WATCH_PATTERN
P004,2026-01-01 09:49:00,0.24319066147859922,0.06396810050084806,0,0.05969284274701657,0,0.07169383704941296,0,0.058717599473136366,0,0,0.13773011335150914,0.19429600653716966,80.57039934628303,STABLE_PATTERN
P004,2026-01-01 09:54:00,0.27431906614785995,0.06368805147406599,0,0.05950303536731361,0,0.07578919699849673,0,0.058432991815093545,0,0,0.1510176821758013,0.18347642544682757,81.65235745531724,STABLE_PATTERN
P004,2026-01-01 09:59:00,0.21595330739299612,0.0640920698056037,0,0.05973140674383257,0,0.06925875068720684,0,0.05856049730745512,0,0,0.12618499153081178,0.16915356696782363,83.08464330321763,STABLE_PATTERN
P004,2026-01-01 10:04:00,0.029182879377431907,0.06560210723106416,0,0.06043588091084471,0,0.05124154236577654,0,0.0592844784608099,0,0,0.05811406779181885,0.14139369217382242,85.86063078261776,STABLE_PATTERN
P004,2026-01-01 10:09:00,0.0311284046692607,0.06554955175606113,0,0.06020973449711932,0,0.05138621330244329,0,0.05962855713492593,0,0,0.0583170630511554,0.12062453489315567,87.93754651068444,STABLE_PATTERN
P004,2026-01-01 10:14:00,0.048638132295719845,0.06560603354174514,0,0.0600138501157728,0,0.05284343255259415,0,0.05948761363793767,0,0,0.06046543037622598,0.10558475876392324,89.44152412360768,STABLE_PATTERN
P004,2026-01-01 10:19:00,0.1556420233463035,0.06461057395271705,0,0.059521197461261395,0,0.06305299922353534,0,0.05866695022033308,0,0,0.10054319099670442,0.10432436682211854,89.56756331778814,STABLE_PATTERN
P004,2026-01-01 10:24:00,0.3093385214007782,0.06322185617624544,0,0.05857747275526872,0,0.08131792528716987,0,0.05789026918568109,0,0,0.16592726220235085,0.11972509066717663,88.02749093328234,STABLE_PATTERN
P004,2026-01-01 10:29:00,0.33073929961089493,0.0630348734052566,0,0.058419064226513114,0,0.08448707127213809,0,0.057660715662985196,0,0,0.1751055195109633,0.1335701978781233,86.64298021218767,STABLE_PATTERN
P004,2026-01-01 10:34:00,0.4182879377431907,0.06243829184469533,0,0.0580439828084572,0,0.09671113379585043,0,0.05744171660980836,0,0,0.2126885875902186,0.15334979530614712,84.66502046938528,STABLE_PATTERN
P004,2026-01-01 10:39:00,0.245136186770428,0.06391019172202245,0,0.05879900511333285,0,0.07372330014475147,0,0.05828084705446306,0,0,0.13861759255881273,0.1496667446193135,85.03332553806865,STABLE_PATTERN
P004,2026-01-01 10:44:00,0.01556420233463035,0.06577139747612666,0,0.059847078885141965,0,0.05074317793839064,0,0.05924672298064419,0,0,0.056500882704090066,0.12637527914050764,87.36247208594924,STABLE_PATTERN
P004,2026-01-01 10:49:00,0.038910505836575876,0.06551554333339313,0,0.059737114867930645,0,0.05291597665452678,0,0.05885098999408887,0,0,0.05924124133600904,0.109591769689383,89.0408230310617,STABLE_PATTERN
P004,2026-01-01 10:54:00,0.033073929961089495,0.06559698808079341,0,0.05964936610339283,0,0.0525649064642987,0,0.0589732041650312,0,0,0.05857431580394999,0.09683740621802475,90.31625937819753,STABLE_PATTERN
P004,2026-01-01 10:59:00,0.011673151750972763,0.06577423550725935,0,0.0596262055451633,0,0.05074112310800388,0,0.05888509896679105,0,0,0.055998721887628,0.08662773513542557,91.33722648645744,STABLE_PATTERN
P004,2026-01-01 11:04:00,0.023346303501945526,0.06591576961996219,0,0.05960703574640607,0,0.05153703641906432,0,0.059332947009061526,0,0,0.05752214237654554,0.07935133694570556,92.06486630542945,STABLE_PATTERN
P004,2026-01-01 11:09:00,0.0914396887159533,0.06512059782747022,0,0.059276668545298325,0,0.05784846712787478,0,0.058694971470500845,0,0,0.07342443224219158,0.07786961076982707,92.2130389230173,STABLE_PATTERN
P004,2026-01-01 11:14:00,0.42217898832684825,0.06252123806852988,0,0.057870864511282594,0,0.09866286700705773,0,0.05708812125761395,0,0,0.21452241465661648,0.11203281174152442,88.79671882584755,STABLE_PATTERN
P004,2026-01-01 11:19:00,0.41245136186770426,0.06248727316255899,0,0.05768930769041727,0,0.0974305264776137,0,0.05686860468427073,0,0,0.21028650682169048,0.13659623551156594,86.3403764488434,STABLE_PATTERN
P004,2026-01-01 11:24:00,0.5175097276264592,0.0617767970034569,0,0.057276690430915704,0,0.11462946414448492,0,0.05673029017292612,0,0,0.2557582133419263,0.16638672996915602,83.3613270030844,STABLE_PATTERN
P004,2026-01-01 11:29:00,0.4571984435797665,0.062384283221469876,0,0.05740024435469317,0,0.10441370234990593,0,0.05734498597740107,0,0,0.22967121646894886,0.18220785159410421,81.77921484058957,STABLE_PATTERN
P004,2026-01-01 11:34:00,0.8073929961089494,0.05969262939629593,0,0.055768067039478564,0,0.17604379284619348,0,0.05619594284321021,0,0,0.3830812952184903,0.23242621250020074,76.75737874997992,WATCH_PATTERN
P004,2026-01-01 11:39:00,0.07392996108949416,0.06548045807629803,0,0.058635490616854365,0,0.0564228121511812,0,0.05966759861783257,0,0,0.06605534816052085,0.19083349641528075,80.91665035847193,STABLE_PATTERN
P004,2026-01-01 11:44:00,0.311284046692607,0.0635920372489997,0,0.057612395046040696,0,0.08255419264721607,0,0.058459749481152824,0,0,0.16686015483291994,0.18484016101969056,81.51598389803094,STABLE_PATTERN
P004,2026-01-01 11:49:00,0.07198443579766536,0.06543146132591968,0,0.058871188433929945,0,0.055975086470050464,0,0.05897665621606416,0,0,0.06516306485337507,0.15492088697811168,84.50791130218883,STABLE_PATTERN
P004,2026-01-01 11:54:00,0.32684824902723736,0.06339390332238633,0,0.05782676945312029,0,0.08513667644168987,0,0.05751999546610676,0,0,0.17355239523952326,0.15957876404346458,84.04212359565354,STABLE_PATTERN
P004,2026-01-01 11:59:00,0.5836575875486382,0.06139938673062864,0,0.0565000475569667,0,0.12771992388343678,0,0.05639333982251723,0,0,0.2846110437475851,0.1908368339694947,80.91631660305053,STABLE_PATTERN
P005,2026-01-01 00:14:00,0.9474708171206225,0.05817938215066105,0,0.05697764598378564,0,0.2152959314147277,0,0.052902462743964845,0,1,0.44591861734905697,0.44591861734905697,55.408138265094294,ATTENTION_PATTERN
P005,2026-01-01 00:19:00,0.9007782101167315,0.05849941644483226,0,0.05719847324669172,0,0.20164865079685726,0,0.053431660389331254,0,1,0.42491492228098854,0.44066769358203983,55.933230641796015,ATTENTION_PATTERN
P005,2026-01-01 00:24:00,0.9085603112840467,0.05873359652746466,0,0.05728814803445313,0,0.20234389096603292,0,0.053606247569933756,0,1,0.42829411156931746,0.4375742980788593,56.24257019211407,ATTENTION_PATTERN
P005,2026-01-01 00:29:00,0.8365758754863813,0.059264922670513996,0,0.05757275212700125,0,0.18313244224328984,0,0.05382062234846399,0,0,0.3961168820924776,0.42720994408226387,57.27900559177361,ATTENTION_PATTERN
P005,2026-01-01 00:34:00,0.46108949416342415,0.06193759986068537,0,0.05921773480786494,0,0.10498051762897477,0,0.055219577416654876,0,0,0.23139293758680188,0.37825569245839835,62.174430754160156,WATCH_PATTERN
P005,2026-01-01 00:39:00,0.37937743190661477,0.06269722294835549,0,0.05970286068104407,0,0.09256443473117629,0,0.055744174149730506,0,0,0.19626376972876042,0.33275771177598884,66.72422882240112,WATCH_PATTERN
P005,2026-01-01 00:44:00,0.2723735408560311,0.06333187427583505,0,0.06006980700592894,0,0.07813826210224428,0,0.05586620192564211,0,0,0.15035479142381267,0.2871569816879448,71.28430183120552,WATCH_PATTERN
P005,2026-01-01 00:49:00,0.5077821011673151,0.06180107344097472,0,0.058885694932393186,0,0.1122986336614439,0,0.05524991106713915,0,0,0.25157483406624875,0.2782614447825208,72.17385552174792,WATCH_PATTERN
P005,2026-01-01 00:54:00,0.632295719844358,0.06071667362641041,0,0.05848910039984971,0,0.1360075190853388,0,0.05484076269146684,0,0,0.3058801502118573,0.28516612113985496,71.4833878860145,WATCH_PATTERN
P005,2026-01-01 00:59:00,0.9688715953307393,0.05865549178661631,0,0.05687624201859874,0,0.22268210706535135,0,0.054800039590648206,0,1,0.4560054806403296,0.3278759610149736,67.21240389850264,WATCH_PATTERN
P005,2026-01-01 01:04:00,0.9766536964980544,0.05923759592259237,0,0.05688026726501441,0,0.9775489579864124,1,0.054504719480847875,0,1,0.5652516056595452,0.38721987217611653,61.278012782388345,WATCH_PATTERN
P005,2026-01-01 01:09:00,0.9708171206225681,0.05968590796844269,0,0.056184758440508735,0,0.9781163979047076,1,0.05430302507460534,0,1,0.564801664073886,0.43161532015055887,56.83846798494412,ATTENTION_PATTERN
P005,2026-01-01 01:14:00,0.9688715953307393,0.05936179566036353,0,0.055779336707754534,0,0.9780263634466483,1,0.05343821932402502,0,1,0.5643398695331201,0.4647964574961992,53.52035425038009,ATTENTION_PATTERN
P005,2026-01-01 01:19:00,0.9688715953307393,0.05963176069127542,0,0.055829612629494554,0,0.9780467706384794,1,0.05389919483304161,0,1,0.5644489301411943,0.489709575657448,51.0290424342552,ATTENTION_PATTERN
P005,2026-01-01 01:24:00,0.9688715953307393,0.059631349761549275,0,0.05593039901894159,0,0.9779321498197449,1,0.0536642576590066,0,1,0.564395613829533,0.5083810852004693,49.16189147995307,ATTENTION_PATTERN
P005,2026-01-01 01:29:00,0.9708171206225681,0.059742158909314,0,0.055563599154948726,0,0.9773955954809037,1,0.05418615367829674,0,1,0.5643813642345591,0.5223811549589917,47.76188450410083,ATTENTION_PATTERN
P005,2026-01-01 01:34:00,0.9844357976653697,0.058560084174869104,0,0.057143063948184414,0,0.9790308377541893,1,0.05446527737110232,0,1,0.5683047604644607,0.533862056335359,46.6137943664641,ATTENTION_PATTERN
P005,2026-01-01 01:39:00,0.9844357976653697,0.058163151441723994,0,0.05783836290455096,0,0.9781298656392616,1,0.05441734618140286,0,1,0.5682136095574093,0.5424499446408715,45.75500553591285,ATTENTION_PATTERN
P005,2026-01-01 01:44:00,0.9630350194552529,0.058152908409148656,0,0.05881613590354997,0,0.32030838401037437,0,0.05360820782930712,0,1,0.46739577211466793,0.5236864015093206,47.63135984906795,ATTENTION_PATTERN
P005,2026-01-01 01:49:00,0.9396887159533074,0.05836971402734251,0,0.05809076699430166,0,0.20858479628453996,0,0.0530107140294179,0,1,0.4420062352354711,0.5032663599408582,49.67336400591418,ATTENTION_PATTERN
P005,2026-01-01 01:54:00,0.8482490272373541,0.05877887289730218,0,0.058355846834910935,0,0.1842985634330563,0,0.0531523496288566,0,0,0.40106963682737795,0.4777171791624881,52.22828208375119,ATTENTION_PATTERN
P005,2026-01-01 01:59:00,0.6770428015564203,0.06020707907582794,0,0.05911386865387833,0,0.14321722964521352,0,0.05347180445060524,0,0,0.3252153953981397,0.439591733221401,56.0408266778599,ATTENTION_PATTERN
P005,2026-01-01 02:04:00,0.5797665369649806,0.060711074452671016,0,0.059667681980398395,0,0.12374207019940263,0,0.05383295998529039,0,0,0.28263321286168325,0.40035210313147157,59.96478968685284,ATTENTION_PATTERN
P005,2026-01-01 02:09:00,0.6011673151750972,0.060562669989548124,0,0.05965420841480096,0,0.127709197499666,0,0.05393573666699419,0,0,0.2919830137137588,0.3732598307770434,62.674016922295664,WATCH_PATTERN
P005,2026-01-01 02:14:00,0.23929961089494164,0.06342418842538468,0,0.0615508446072968,0,0.07240241274655272,0,0.054972596165354666,0,0,0.13611715837652438,0.31397416267691364,68.60258373230863,WATCH_PATTERN
P005,2026-01-01 02:19:00,0.1264591439688716,0.06432209752688206,0,0.06205704851287477,0,0.060007498790482366,0,0.055380221338104746,0,0,0.08818687100367527,0.25752733975860403,74.2472660241396,WATCH_PATTERN
P005,2026-01-01 02:24:00,0.14591439688715954,0.06418633239916564,0,0.061898226470147685,0,0.06209172408420197,0,0.055785801049261535,0,0,0.09647500337465725,0.21726425566261737,78.27357443373826,WATCH_PATTERN
P005,2026-01-01 02:29:00,0.19844357976653695,0.06391283940860981,0,0.0617547359658132,0,0.06763251694474867,0,0.0554473051348375,0,0,0.11878659303374853,0.19264484000540014,80.73551599945998,STABLE_PATTERN
P005,2026-01-01 02:34:00,0.5505836575875487,0.06113358303270884,0,0.060068199767604774,0,0.11741031030808179,0,0.05439879872580366,0,0,0.2699210492975375,0.2119638923284345,78.80361076715656,WATCH_PATTERN
P005,2026-01-01 02:39:00,0.8015564202334631,0.059230812727326235,0,0.05888088094117125,0,0.16964967525081517,0,0.0537706671516486,0,0,0.38001016300471213,0.2539754599975039,74.60245400024961,WATCH_PATTERN
P005,2026-01-01 02:44:00,0.7568093385214008,0.05952759198491329,0,0.059079591142786686,0,0.1591678413922056,0,0.05391552877827178,0,0,0.3602106290241318,0.2805342522541609,71.94657477458391,WATCH_PATTERN
P005,2026-01-01 02:49:00,0.5252918287937743,0.06143728509375013,0,0.05996173792955634,0,0.11177397477189,0,0.05463852665136893,0,0,0.2587735060203551,0.27509406569570943,72.49059343042904,WATCH_PATTERN
P005,2026-01-01 02:54:00,0.33852140077821014,0.0626826556942795,0,0.061191757190478265,0,0.08359003057294553,0,0.05535285201873893,0,0,0.17838907669448814,0.2509178184454041,74.90821815545958,WATCH_PATTERN
P005,2026-01-01 02:59:00,0.7062256809338522,0.05974530653938336,0,0.05971098505409805,0,0.14746386774207085,0,0.05349600192048955,0,0,0.3378451117607657,0.2726496417742445,72.73503582257554,WATCH_PATTERN
P005,2026-01-01 03:04:00,0.6478599221789884,0.059811977300299426,0,0.05961507972766013,0,0.13626982186606723,0,0.053910890463035155,0,0,0.31226305874299315,0.28255299601643163,71.74470039835683,WATCH_PATTERN
P005,2026-01-01 03:09:00,0.9902723735408561,0.05856527657902542,0,0.36808527034159266,0,0.21948449507436402,0,0.0549384217539844,0,1,0.5166519942634549,0.34107774557818743,65.89222544218126,WATCH_PATTERN
P005,2026-01-01 03:14:00,0.9922178988326849,0.05945762061203751,0,0.9587583565737138,1,0.22068569743359437,0,0.055966513732909846,0,1,0.617116056657677,0.4100873233480598,58.99126766519402,ATTENTION_PATTERN
P005,2026-01-01 03:19:00,0.9747081712062257,0.059117362046881804,0,0.9586363808844128,1,0.21425392118570707,0,0.05535071026925342,0,1,0.6088626901153513,0.4597811650398827,54.02188349601174,ATTENTION_PATTERN
P005,2026-01-01 03:24:00,0.9688715953307393,0.05915789979784722,0,0.9584644984069892,1,0.21008640923818592,0,0.055791334451629086,0,1,0.6058906507562996,0.4963085364689869,50.3691463531013,ATTENTION_PATTERN
P005,2026-01-01 03:29:00,0.9591439688715954,0.0592706310516041,0,0.9586670448557075,1,0.20750097395697042,0,0.0554516552966772,0,1,0.6015484977958672,0.522618526800707,47.738147319929304,ATTENTION_PATTERN
P005,2026-01-01 03:34:00,1.0,0.06118542444940404,0,0.9577640628984462,1,0.22450363786497957,0,0.057159435904071965,0,1,0.6211286076760613,0.5472460470195455,45.27539529804545,ATTENTION_PATTERN
P005,2026-01-01 03:39:00,1.0,0.959594865688096,1,0.9568902299355382,1,0.23635912037041468,0,0.05685672478397502,0,1,0.7987043940377492,0.6101106337740965,38.98893662259035,ATTENTION_PATTERN
P005,2026-01-01 03:44:00,1.0,0.958952830676166,1,0.9561837279964853,1,0.23272062686943484,0,0.0564726524346288,0,1,0.7979182116821677,0.6570625282511142,34.29374717488858,ATTENTION_PATTERN
P005,2026-01-01 03:49:00,1.0,0.9587801538571373,1,0.9568126248036187,1,0.2273452801955156,0,0.05713295770610876,0,1,0.7972929387976921,0.6921201308877587,30.78798691122413,ATTENTION_PATTERN
P005,2026-01-01 03:54:00,1.0,0.9581401819279393,1,0.9578227670958637,1,0.21634672337349903,0,0.05724185708909787,0,1,0.7958065577977553,0.7180417376152579,28.195826238474208,ATTENTION_PATTERN
P005,2026-01-01 03:59:00,0.9941634241245136,0.9575594808992199,1,0.05833228926978915,0,0.20790175527041788,0,0.05569755716119342,0,1,0.64086165413227,0.6987467167445109,30.125328325548907,ATTENTION_PATTERN
P005,2026-01-01 04:04:00,0.9844357976653697,0.9575600925760418,1,0.056703353087914084,0,0.20404183208731497,0,0.05573439343509705,0,1,0.6360430356425784,0.6830707964690279,31.692920353097207,ATTENTION_PATTERN
P005,2026-01-01 04:09:00,0.9844357976653697,0.95765546092078,1,0.05648355520648122,0,0.20503511634796648,0,0.05614027312977685,0,1,0.6361979554849106,0.6713525862229985,32.86474137770015,ATTENTION_PATTERN
P005,2026-01-01 04:14:00,0.9941634241245136,0.9573095752955001,1,0.056585930505323054,0,0.2118721296849357,0,0.05485242878055521,0,1,0.6410041459955695,0.6637654761661412,33.623452383385874,ATTENTION_PATTERN
P005,2026-01-01 04:19:00,0.9961089494163424,0.9552650785171773,1,0.05708782747989079,0,0.21528591140903805,0,0.051494562492200496,0,1,0.6416851684121316,0.6582453992276388,34.17546007723612,ATTENTION_PATTERN
P005,2026-01-01 04:24:00,0.9980544747081712,0.05934380077415138,0,0.05757538666141616,0,0.22227805274312207,0,0.05105194474344038,0,1,0.46790978423310414,0.6106614954790051,38.93385045209949,ATTENTION_PATTERN
P005,2026-01-01 04:29:00,0.9202334630350194,0.05746377125874213,0,0.05871841342772517,0,0.19966738655476834,0,0.05163138015648149,0,1,0.43255424944381127,0.5661346839702066,43.38653160297934,ATTENTION_PATTERN
P005,2026-01-01 04:34:00,0.9513618677042801,0.05721619723567514,0,0.05858370141079189,0,0.20926495539295747,0,0.05134611315148183,0,1,0.4466276932491073,0.5362579362899318,46.37420637100682,ATTENTION_PATTERN
P005,2026-01-01 04:39:00,0.8949416342412452,0.05757526604857367,0,0.058617701965071954,0,0.19228986829317593,0,0.0515002024785657,0,0,0.4210950779522896,0.5074672217055213,49.253277829447875,ATTENTION_PATTERN
P005,2026-01-01 04:44:00,0.7334630350194552,0.05878837589352364,0,0.05917618348298319,0,0.1522674315826094,0,0.052471258669245804,0,0,0.3493759170780693,0.4679443955486583,53.20556044513417,ATTENTION_PATTERN
P005,2026-01-01 04:49:00,0.4727626459143969,0.06079816442399863,0,0.06004131919472222,0,0.1015855230438848,0,0.05437964948330611,0,0,0.23557145575129018,0.40985116059931626,59.01488394006837,ATTENTION_PATTERN
P005,2026-01-01 04:54:00,0.3404669260700389,0.061819218703148236,0,0.06066451154319282,0,0.08246144606955373,0,0.05505670057728737,0,0,0.17874994364415914,0.35207585636052696,64.7924143639473,WATCH_PATTERN
P005,2026-01-01 04:59:00,0.36186770428015563,0.06166224183628441,0,0.06036935221549672,0,0.08543833288035668,0,0.05512112665584159,0,0,0.1879088859778799,0.31103411376486517,68.8965886235135,WATCH_PATTERN
P005,2026-01-01 05:04:00,0.17120622568093385,0.06325362000058013,0,0.061326759648451676,0,0.0627668281011301,0,0.05603953907778578,0,0,0.10673224733829055,0.25995864715822153,74.00413528417783,WATCH_PATTERN
P005,2026-01-01 05:09:00,0.1245136186770428,0.06357327702194307,0,0.061340269157681614,0,0.05851683436061818,0,0.05627827255883652,0,0,0.08698487011516179,0.21671520289745658,78.32847971025434,WATCH_PATTERN
P005,2026-01-01 05:14:00,0.2140077821011673,0.06277190538687832,0,0.06089263454461293,0,0.06759582878055215,0,0.05573778926755608,0,0,0.12484985261275605,0.19374886532628144,80.62511346737186,STABLE_PATTERN
P005,2026-01-01 05:19:00,0.3754863813229572,0.06160703108478267,0,0.0602847641084967,0,0.08720754070298598,0,0.05507399848682141,0,0,0.19373847913921424,0.19374626877951465,80.62537312204854,STABLE_PATTERN
P005,2026-01-01 05:24:00,0.6750972762645915,0.05938353538596082,0,0.05896935018190785,0,0.13755278485321062,0,0.054279643667115685,0,0,0.32350298153470775,0.22618544696831294,77.3814553031687,WATCH_PATTERN
P005,2026-01-01 05:29:00,0.0622568093385214,0.064188240144401,0,0.06143500867151825,0,0.05243274409591318,0,0.05755600748216639,0,0,0.061306500016282184,0.18496571023030528,81.50342897696947,STABLE_PATTERN
P005,2026-01-01 05:34:00,0.45330739299610895,0.06120859293926482,0,0.05958776526323027,0,0.09844828474460422,0,0.05591348461162665,0,0,0.22724976726633667,0.19553672448931314,80.44632755106869,STABLE_PATTERN
P005,2026-01-01 05:39:00,0.3735408560311284,0.062112581969440785,0,0.059730929255483435,0,0.08618359838427501,0,0.056722063206994425,0,0,0.19293805194894253,0.1948870563542205,80.51129436457796,STABLE_PATTERN
P005,2026-01-01 05:44:00,0.19649805447470817,0.06347445593365426,0,0.06080395763030112,0,0.06435888246237478,0,0.05763467344751533,0,0,0.11746481280279034,0.17553149546636296,82.44685045336371,STABLE_PATTERN
P005,2026-01-01 05:49:00,0.26459143968871596,0.06302007705777306,0,0.060437164455794605,0,0.07159554218811844,0,0.05753244136357844,0,0,0.14637315286452515,0.1682419098159035,83.17580901840965,STABLE_PATTERN
P005,2026-01-01 05:54:00,0.688715953307393,0.059831066259978506,0,0.058376391213330346,0,0.1387036145469841,0,0.056196341521495025,0,0,0.32942409419782454,0.20853745591138378,79.14625440886162,WATCH_PATTERN
P005,2026-01-01 05:59:00,0.19455252918287938,0.0633771291344706,0,0.060516057209483685,0,0.06437278840438927,0,0.057824321358691505,0,0,0.1166136903156404,0.18555651451244795,81.4443485487552,STABLE_PATTERN
P005,2026-01-01 06:04:00,0.07782101167315175,0.06413792634865187,0,0.06125690815563076,0,0.05336740256992096,0,0.05751938071491354,0,0,0.06722751528366193,0.15597426470525144,84.40257352947485,STABLE_PATTERN
P005,2026-01-01 06:09:00,0.10116731517509728,0.06392474643084711,0,0.06129554367258838,0,0.05538758752403182,0,0.057523098720527695,0,0,0.07709403803546974,0.13625420803780602,86.3745791962194,STABLE_PATTERN
P005,2026-01-01 06:14:00,0.26653696498054474,0.06269926518147113,0,0.06100121640706292,0,0.07198414382562811,0,0.05624855943688722,0,0,0.14715314903222582,0.13897894328641097,86.1021056713589,STABLE_PATTERN
P005,2026-01-01 06:19:00,0.44163424124513617,0.061363813820259405,0,0.060273764609041575,0,0.09492102017961515,0,0.055646156102444916,0,0,0.22206982729383742,0.1597516642882676,84.02483357117325,STABLE_PATTERN
P005,2026-01-01 06:24:00,0.7509727626459144,0.05905001919110066,0,0.059002122221434534,0,0.15119221532787164,0,0.05472511871967865,0,0,0.35665075862312845,0.2089764378719828,79.10235621280172,WATCH_PATTERN
P005,2026-01-01 06:29:00,0.6361867704280155,0.0601968042926306,0,0.05945004431068174,0,0.127716632904011,0,0.055895207982804083,0,0,0.3064706565790096,0.2333499925487395,76.66500074512605,WATCH_PATTERN
P005,2026-01-01 06:34:00,0.13424124513618677,0.06424059335689437,0,0.061803247680551086,0,0.057825289770800585,0,0.05830717230383653,0,0,0.09127483794582716,0.19783120389801143,80.21687961019886,STABLE_PATTERN
P005,2026-01-01 06:39:00,0.3832684824902724,0.06226411599564332,0,0.060754435181759894,0,0.08668822117038415,0,0.05743504325113285,0,0,0.19727802122862292,0.1976929082306643,80.23070917693357,STABLE_PATTERN
P005,2026-01-01 06:44:00,0.31712062256809337,0.06291299514833815,0,0.06088373736612582,0,0.0776570798476728,0,0.05789799918213774,0,0,0.16894853453461164,0.19050681480665113,80.9493185193349,STABLE_PATTERN
P005,2026-01-01 06:49:00,0.5447470817120622,0.06119105148107023,0,0.05979380048864534,0,0.11145094307249553,0,0.056887104097994516,0,0,0.26685625101213273,0.20959417385802154,79.04058261419785,WATCH_PATTERN
P005,2026-01-01 06:54:00,0.5739299610894941,0.06100129060879592,0,0.05979033502756113,0,0.116538325798342,0,0.05694715367620078,0,0,0.27955909973339454,0.22708540532686478,77.29145946731353,WATCH_PATTERN
P005,2026-01-01 06:59:00,0.7665369649805448,0.059644591574745456,0,0.05882797068579515,0,0.15642644795207228,0,0.056402101142866874,0,0,0.3640241478051391,0.2613200909464334,73.86799090535666,WATCH_PATTERN
P005,2026-01-01 07:04:00,0.8346303501945526,0.059146647287731335,0,0.058516887761310254,0,0.1721548712319804,0,0.05620872015526415,0,0,0.39411449875797055,0.29451869289931765,70.54813071006824,WATCH_PATTERN
P005,2026-01-01 07:09:00,0.867704280155642,0.059049723009079194,0,0.05829509126482923,0,0.1808330427521959,0,0.05690535945487969,0,0,0.40895816064591267,0.3231285598359664,67.68714401640337,WATCH_PATTERN
P005,2026-01-01 07:14:00,0.8813229571984436,0.05913016415785872,0,0.058120767044114514,0,0.18456473185536862,0,0.05703470663776244,0,0,0.41508883722143397,0.34611862918233327,65.38813708176667,WATCH_PATTERN
P005,2026-01-01 07:19:00,0.9260700389105059,0.05890355367736604,0,0.05801075924290813,0,0.19659057519782763,0,0.05720983387696078,0,1,0.4351600666780613,0.3683789885562653,63.16210114437347,WATCH_PATTERN
P005,2026-01-01 07:24:00,0.9455252918287937,0.05871219002487525,0,0.057559045696089085,0,0.20264349802727843,0,0.05779154590296505,0,1,0.4439585087349496,0.3872738686009364,61.27261313990636,WATCH_PATTERN
P005,2026-01-01 07:29:00,0.953307392996109,0.05877257402696463,0,0.057369527793471604,0,0.20543386214291764,0,0.05792552951627224,0,1,0.44754663627236047,0.4023420605187924,59.76579394812076,ATTENTION_PATTERN
P005,2026-01-01 07:34:00,0.9299610894941635,0.05893137472340333,0,0.10471489827363124,0,0.19741931896076545,0,0.05774573432719526,0,1,0.444775967565344,0.4129505372804303,58.70494627195697,ATTENTION_PATTERN
P005,2026-01-01 07:39:00,0.933852140077821,0.0589760738947418,0,0.057338508890845144,0,0.19909321977686695,0,0.05782724445086264,0,1,0.4386698009917275,0.4193803532082546,58.06196467917454,ATTENTION_PATTERN
P005,2026-01-01 07:44:00,0.943579766536965,0.058793913068399956,0,0.05735495603163488,0,0.20228589223160856,0,0.05773995699740722,0,1,0.44308428468815797,0.4253063360782305,57.469366392176944,ATTENTION_PATTERN
P005,2026-01-01 07:49:00,0.9066147859922179,0.059190513633642416,0,0.05778354485676415,0,0.1911542156739644,0,0.05746396137396853,0,1,0.4264228309866924,0.42558545980534596,57.44145401946541,ATTENTION_PATTERN
P005,2026-01-01 07:54:00,0.980544747081712,0.058131264965899536,0,0.05802950735787376,0,0.21160242065884077,0,0.17917661064182208,0,1,0.46980229515325517,0.4366396686423233,56.33603313576767,ATTENTION_PATTERN
P005,2026-01-01 07:59:00,0.9844357976653697,0.0574368671600603,0,0.058206442931107216,0,0.21454951802753203,0,0.9525380387950947,1,1,0.5366739847965726,0.46164824768088564,53.835175231911435,ATTENTION_PATTERN
P005,2026-01-01 08:04:00,0.9688715953307393,0.05688415704018075,0,0.05846929547477256,0,0.21273130829431403,0,0.9508457373748496,1,1,0.5298006587965931,0.4786863504598125,52.13136495401876,ATTENTION_PATTERN
P005,2026-01-01 08:09:00,0.9591439688715954,0.05698452851174007,0,0.05859210328449267,0,0.21298531758145284,0,0.9501551710863819,1,1,0.5258107349478525,0.4904674465818225,50.95325534181775,ATTENTION_PATTERN
P005,2026-01-01 08:14:00,0.9552529182879378,0.05714502567297944,0,0.05856905802776323,0,0.21030628263177772,0,0.9508417582425153,1,1,0.5239178163760186,0.4988300390303716,50.11699609696284,ATTENTION_PATTERN
P005,2026-01-01 08:19:00,0.9844357976653697,0.057640291289679874,0,0.058560010950930594,0,0.21701051040359753,0,0.9533124909596711,1,1,0.5371828482677818,0.5084182413397241,49.158175866027584,ATTENTION_PATTERN
P005,2026-01-01 08:24:00,0.9824902723735408,0.05846954463238964,0,0.058491039866999606,0,0.2485154413885643,0,0.9478103998092937,1,1,0.5404807530418827,0.5164338692652638,48.35661307347362,ATTENTION_PATTERN
P005,2026-01-01 08:29:00,0.9046692607003891,0.059259926186610884,0,0.057872512459861525,0,0.19953161525217772,0,0.05752918666457542,0,1,0.426828140849522,0.49403243716132833,50.59675628386717,ATTENTION_PATTERN
P005,2026-01-01 08:34:00,0.9377431906614786,0.05907143387451938,0,0.05799951853514123,0,0.20826858133599685,0,0.057243076016212785,0,1,0.44163813447824013,0.4809338614905563,51.906613850944375,ATTENTION_PATTERN
P005,2026-01-01 08:39:00,0.7859922178988327,0.06016162495348875,0,0.058482590867695854,0,0.16497429688999346,0,0.05794843763724034,0,0,0.373409617857103,0.454052800582193,54.5947199417807,ATTENTION_PATTERN
P005,2026-01-01 08:44:00,0.7412451361867705,0.06048746164318479,0,0.05843656986793556,0,0.15493187694153496,0,0.05784617527553254,0,0,0.35361542382378647,0.4289434563925914,57.105654360740864,ATTENTION_PATTERN
P005,2026-01-01 08:49:00,0.8560311284046692,0.05980688964900793,0,0.05804891929649364,0,0.18628821092734735,0,0.05743151622790859,0,0,0.4050637906087131,0.42297353994662185,57.70264600533781,ATTENTION_PATTERN
P005,2026-01-01 08:54:00,0.811284046692607,0.06023967879770526,0,0.058242805396311687,0,0.1728439245392257,0,0.0575981835223374,0,0,0.38487719243965257,0.4134494530698795,58.65505469301204,ATTENTION_PATTERN
P005,2026-01-01 08:59:00,0.791828793774319,0.060236439223253835,0,0.0578296514874253,0,0.1637809796458548,0,0.05795474697035468,0,0,0.37555272246859406,0.40397527041955816,59.60247295804418,ATTENTION_PATTERN
P005,2026-01-01 09:04:00,0.8268482490272373,0.060102278789226186,0,0.05783636093426689,0,0.17286654543861107,0,0.057697089776631905,0,0,0.3912059057815096,0.400782929260046,59.9217070739954,ATTENTION_PATTERN
P005,2026-01-01 09:09:00,0.8735408560311284,0.05966307887659476,0,0.057978411922903,0,0.1849301382292054,0,0.056628068013798466,0,0,0.411980146412933,0.4035822335482677,59.64177664517323,ATTENTION_PATTERN
P005,2026-01-01 09:14:00,0.4766536964980545,0.06279701290230491,0,0.059689120071593646,0,0.10297794015399697,0,0.058377831750146436,0,0,0.23803795914664982,0.3621961649478632,63.78038350521368,WATCH_PATTERN
P005,2026-01-01 09:19:00,0.1926070038910506,0.06491981331458666,0,0.06090394758393743,0,0.06533370124833295,0,0.05870195057405425,0,0,0.11638791422986049,0.3007441022683625,69.92558977316375,WATCH_PATTERN
P005,2026-01-01 09:24:00,0.8929961089494164,0.05969105361856799,0,0.057736168957006964,0,0.19107911041339834,0,0.05619331261683095,0,0,0.4207848334988656,0.33075428507598825,66.92457149240117,WATCH_PATTERN
P005,2026-01-01 09:29:00,0.896887159533074,0.0594118674448561,0,0.057648410466993545,0,0.1924331846613381,0,0.05595968374986515,0,0,0.42248842799284914,0.35368782080520345,64.63121791947965,WATCH_PATTERN
P005,2026-01-01 09:34:00,0.9105058365758755,0.05940217046188589,0,0.05773370914191874,0,0.19667565329715148,0,0.055942354076828155,0,1,0.4287042424196874,0.37244192620882444,62.755807379117556,WATCH_PATTERN
P005,2026-01-01 09:39:00,0.0038910505836575876,0.06642039056497911,0,0.06148462473862464,0,0.0486497609483711,0,0.05913084751857291,0,0,0.05548768606602031,0.29320336617312337,70.67966338268766,WATCH_PATTERN
P005,2026-01-01 09:44:00,0.058365758754863814,0.06602259389093754,0,0.06110217226071291,0,0.05343554256725448,0,0.05881163037540364,0,0,0.061970489401199064,0.2353951469801423,76.46048530198577,WATCH_PATTERN
P005,2026-01-01 09:49:00,0.47470817120622566,0.06297931977004509,0,0.05892442607470356,0,0.10425076551714502,0,0.05824695502618409,0,0,0.23731086818704378,0.23587407728186766,76.41259227181322,WATCH_PATTERN
P005,2026-01-01 09:54:00,0.3326848249027237,0.06409906462262076,0,0.05947957457628864,0,0.08336784410342937,0,0.05866345031988081,0,0,0.17622136105612243,0.22096089822543133,77.90391017745686,WATCH_PATTERN
P005,2026-01-01 09:59:00,0.5369649805447471,0.062395735336423626,0,0.05850533962500512,0,0.11488853838316104,0,0.05726556596959267,0,0,0.264182736082464,0.2317663576896895,76.82336423103105,WATCH_PATTERN
P005,2026-01-01 10:04:00,0.42023346303501946,0.06349922428833883,0,0.058872952494265086,0,0.09674025139832286,0,0.057721989837998866,0,0,0.21386497309213606,0.22729101154030112,77.2708988459699,WATCH_PATTERN
P005,2026-01-01 10:09:00,0.5544747081712063,0.06246331299954162,0,0.05834262000970012,0,0.11934847499959972,0,0.05718051594953927,0,0,0.271999899115782,0.23846823343417134,76.15317665658287,WATCH_PATTERN
P005,2026-01-01 10:14:00,0.13813229571984437,0.06547739293437306,0,0.06037335915948967,0,0.061884636846731594,0,0.058093106696254095,0,0,0.09343046931153504,0.20220879240351225,79.77912075964878,WATCH_PATTERN
P005,2026-01-01 10:19:00,0.02529182879377432,0.06674831627465767,0,0.06063111584676922,0,0.051664264524152376,0,0.0589733559877878,0,0,0.05831263609574566,0.1662347533265706,83.37652466734295,STABLE_PATTERN
P005,2026-01-01 10:24:00,0.042801556420233464,0.06650011392448041,0,0.060291009782368885,0,0.05332027956645004,0,0.059066585047552474,0,0,0.06033315275234381,0.1397593531830139,86.0240646816986,STABLE_PATTERN
P005,2026-01-01 10:29:00,0.13618677042801555,0.06571371491176278,0,0.05953827319299439,0,0.06222476192627196,0,0.05822679549193044,0,0,0.09259378492647119,0.12796796111887823,87.20320388811218,STABLE_PATTERN
P005,2026-01-01 10:34:00,0.0933852140077821,0.06619610755322816,0,0.05972912922781463,0,0.05813254751151813,0,0.05869674436482424,0,0,0.07455272214016959,0.11461415137420108,88.5385848625799,STABLE_PATTERN
P005,2026-01-01 10:39:00,0.122568093385214,0.0658622564992145,0,0.05971101822344076,0,0.06104275032916608,0,0.058857015382243735,0,0,0.08692848214828398,0.10769273406772181,89.23072659322781,STABLE_PATTERN
P005,2026-01-01 10:44:00,0.04474708171206226,0.0668604988720933,0,0.05993069073418269,0,0.05363978213022038,0,0.059158966266813905,0,0,0.060721759300295164,0.09594999037586514,90.40500096241348,STABLE_PATTERN
P005,2026-01-01 10:49:00,0.1828793774319066,0.06566027454199132,0,0.05922342643164052,0,0.06741898518353236,0,0.058987414856513015,0,0,0.11255885372633304,0.10010220621348212,89.98977937865179,STABLE_PATTERN
P005,2026-01-01 10:54:00,0.9824902723735408,0.06011471987420137,0,0.8575010310656663,1,0.22135434658218334,0,0.057243322897869896,0,1,0.5964266981772008,0.2241833292044118,77.58166707955883,WATCH_PATTERN
P005,2026-01-01 10:59:00,0.9863813229571985,0.060252381584578886,0,0.9574194654205993,1,0.21809605860290143,0,0.05770799607784156,0,1,0.6144259619145488,0.3217439873819461,67.82560126180539,WATCH_PATTERN
P005,2026-01-01 11:04:00,0.9727626459143969,0.060002965747415316,0,0.9565576290065558,1,0.21303633518458368,0,0.05786435708415633,0,1,0.607926165997237,0.39328953203576883,60.67104679642312,WATCH_PATTERN
P005,2026-01-01 11:09:00,0.9552529182879378,0.06023002511717655,0,0.956275530977085,1,0.20738084438363572,0,0.05822119828230338,0,1,0.6002542591379139,0.4450307138113051,55.49692861886949,ATTENTION_PATTERN
P005,2026-01-01 11:14:00,0.9552529182879378,0.05990493163647811,0,0.9565455337743065,1,0.20711571317982644,0,0.057830717345364616,0,1,0.6002469833575605,0.48383478119786894,51.61652188021311,ATTENTION_PATTERN
P005,2026-01-01 11:19:00,0.9591439688715954,0.06010258896147015,0,0.9563706977762523,1,0.20775680318857656,0,0.058171040599652606,0,1,0.6015900196947274,0.5132735908220836,48.67264091779164,ATTENTION_PATTERN
P005,2026-01-01 11:24:00,0.9649805447470817,0.059849495600864354,0,0.9564988434965181,1,0.2092028692424824,0,0.058034418741832405,0,1,0.6041575841492435,0.5359945891538735,46.40054108461265,ATTENTION_PATTERN
P005,2026-01-01 11:29:00,0.9610894941634242,0.059780603349044746,0,0.9562944109084847,1,0.2083412674889246,0,0.05812504710471019,0,1,0.6023936122896141,0.5525943449378087,44.740565506219134,ATTENTION_PATTERN
P005,2026-01-01 11:34:00,0.9552529182879378,0.05976216047271648,0,0.9559583483472568,1,0.20546987023952545,0,0.05812438483859434,0,1,0.599738447487393,0.5643803705752048,43.56196294247952,ATTENTION_PATTERN
P005,2026-01-01 11:39:00,0.953307392996109,0.059612798160577816,0,0.9559067625773179,1,0.20399364984611235,0,0.05816347101818528,0,1,0.5992637438852055,0.573101213902705,42.689878609729504,ATTENTION_PATTERN
P005,2026-01-01 11:44:00,0.9552529182879378,0.05956240715944143,0,0.9560482427611947,1,0.20521747833251802,0,0.058143443731281025,0,1,0.5997076325037188,0.5797528185529585,42.02471814470415,ATTENTION_PATTERN
P005,2026-01-01 11:49:00,0.9552529182879378,0.05957192153874305,0,0.9560016065940702,1,0.20513536441496502,0,0.05849181389683143,0,1,0.5997054387412964,0.584740973600043,41.52590263999571,ATTENTION_PATTERN
P005,2026-01-01 11:54:00,0.9610894941634242,0.059623722879281055,0,0.9558567645656217,1,0.20749269068439588,0,0.058432657063575526,0,1,0.6021963776158501,0.5891048246039947,41.08951753960053,ATTENTION_PATTERN
P005,2026-01-01 11:59:00,0.9747081712062257,0.05941291925229604,0,0.9565127515367046,1,0.21534141416980276,0,0.05754945933509537,0,1,0.6089007935365016,0.5940538168371214,40.59461831628786,ATTENTION_PATTERN
P006,2026-01-01 00:14:00,0.6536964980544747,0.060315367510254646,0,0.058666853487623224,0,0.14094027632494224,0,0.054251265797114485,0,0,0.3152895456288237,0.3152895456288237,68.47104543711762,WATCH_PATTERN
P006,2026-01-01 00:19:00,0.5019455252918288,0.06150462909095994,0,0.059618770371513786,0,0.11220205514047073,0,0.05473972291932975,0,0,0.24917884158936549,0.2987618696189592,70.12381303810409,WATCH_PATTERN
P006,2026-01-01 00:24:00,0.14007782101167315,0.06415171697826519,0,0.061368494777539195,0,0.06312522702236596,0,0.056020189973780395,0,0,0.09413893364810469,0.24760613562624556,75.23938643737544,WATCH_PATTERN
P006,2026-01-01 00:29:00,0.3093385214007782,0.06295891576028546,0,0.06045041845320896,0,0.0826493461671347,0,0.05526413598288127,0,0,0.16615618449223657,0.2272436478427433,77.27563521572567,WATCH_PATTERN
P006,2026-01-01 00:34:00,0.28793774319066145,0.06288705682934126,0,0.06055753525787109,0,0.08019496734737881,0,0.05536328921424206,0,0,0.1570076909790551,0.20968465862682126,79.03153413731788,WATCH_PATTERN
P006,2026-01-01 00:39:00,0.14980544747081712,0.06408657245349261,0,0.06114958810908847,0,0.06407873951894512,0,0.05603722914462844,0,0,0.09823209414198918,0.18182151750561323,81.81784824943867,STABLE_PATTERN
P006,2026-01-01 00:44:00,0.3424124513618677,0.06242358423524991,0,0.06037787981466264,0,0.08732329695986435,0,0.054866373861050026,0,0,0.180286473258771,0.18143775644390267,81.85622435560973,STABLE_PATTERN
P006,2026-01-01 00:49:00,0.058365758754863814,0.06498369660074631,0,0.06162818923613483,0,0.05490515049348445,0,0.05607876514332937,0,0,0.06151975162731305,0.15145825523975526,84.85417447602448,STABLE_PATTERN
P006,2026-01-01 00:54:00,0.4280155642023346,0.06190589633614236,0,0.060000385492367636,0,0.09974016755666414,0,0.05464486610807125,0,0,0.21710982510697446,0.16787114770656006,83.212885229344,STABLE_PATTERN
P006,2026-01-01 00:59:00,0.46108949416342415,0.06169575006806122,0,0.05984921743266952,0,0.10515786126764823,0,0.0543919533418901,0,0,0.23140693179554875,0.18375509372880722,81.62449062711927,STABLE_PATTERN
P006,2026-01-01 01:04:00,0.5233463035019456,0.06107416927199304,0,0.05984904164688293,0,0.11556985205726736,0,0.054141643366338914,0,0,0.25837153054757844,0.2024092029335,79.75907970665,WATCH_PATTERN
P006,2026-01-01 01:09:00,0.5992217898832685,0.060764348345167626,0,0.05969209846203726,0,0.12868865151309197,0,0.054279565806287795,0,0,0.29139335698874275,0.2246552414473107,77.53447585526894,WATCH_PATTERN
P006,2026-01-01 01:14:00,0.6575875486381323,0.0603548523614123,0,0.059353465472543825,0,0.140087949111099,0,0.05387361905620884,0,0,0.3168647001774101,0.24770760612983556,75.22923938701645,WATCH_PATTERN
P006,2026-01-01 01:19:00,0.6050583657587548,0.06071169379820819,0,0.059555805029047545,0,0.1297966959247584,0,0.053947645013352204,0,0,0.29389205353252357,0.25925371798050756,74.07462820194924,WATCH_PATTERN
P006,2026-01-01 01:24:00,0.9571984435797666,0.05805752635135195,0,0.05784918533638413,0,0.2165084402585269,0,0.05345441588225407,0,1,0.4502650496265444,0.3070065508920168,69.29934491079833,WATCH_PATTERN
P006,2026-01-01 01:29:00,0.9863813229571985,0.05846803033373674,0,0.057290008852313196,0,0.2856932137523795,0,0.05566067320176256,0,1,0.47214610696524795,0.3482914399103246,65.17085600896755,WATCH_PATTERN
P006,2026-01-01 01:34:00,0.9844357976653697,0.05851077161986974,0,0.056543182786676964,0,0.9729457322909285,1,0.05448406897817047,0,1,0.5673439788986847,0.4030545746574146,59.694542534258545,ATTENTION_PATTERN
P006,2026-01-01 01:39:00,0.9747081712062257,0.05884772370555513,0,0.055797319617459006,0,0.9781488505928656,1,0.053127217187684234,0,1,0.5649235992217455,0.4435218307984974,55.64781692015026,ATTENTION_PATTERN
P006,2026-01-01 01:44:00,0.9688715953307393,0.0586172815997266,0,0.0561943468491903,0,0.9784362635842274,1,0.05260549120566488,0,1,0.564374073379589,0.4737348914437703,52.626510855622975,ATTENTION_PATTERN
P006,2026-01-01 01:49:00,0.9727626459143969,0.05857357210164081,0,0.05626103755520662,0,0.9784994466197818,1,0.05261881281195292,0,1,0.5648414275725169,0.49651152547595695,50.348847452404314,ATTENTION_PATTERN
P006,2026-01-01 01:54:00,0.9688715953307393,0.058355828047559795,0,0.056288729406579883,0,0.9771270519401264,1,0.05210334830218547,0,1,0.563720451625709,0.513313757013395,48.668624298660504,ATTENTION_PATTERN
P006,2026-01-01 01:59:00,0.9688715953307393,0.05861397062557222,0,0.056181237029770556,0,0.3567470712885628,1,0.05215541905433091,0,1,0.4744275285208408,0.5035921998902564,49.64078001097436,ATTENTION_PATTERN
P006,2026-01-01 02:04:00,0.9688715953307393,0.05879882557405116,0,0.05630355669628059,0,0.43981270475468576,1,0.0523305017814013,0,1,0.48612820542904744,0.49922620127495415,50.07737987250458,ATTENTION_PATTERN
P006,2026-01-01 02:09:00,0.9688715953307393,0.05878697879752214,0,0.05601225347620456,0,0.4311843236686851,1,0.05243350777750753,0,1,0.4848776236715078,0.49563905687409254,50.436094312590754,ATTENTION_PATTERN
P006,2026-01-01 02:14:00,0.9727626459143969,0.0588619018654034,0,0.05585525309571332,0,0.5234843031773083,1,0.052715024163023455,0,1,0.4994146898769475,0.49658296512480626,50.341703487519375,ATTENTION_PATTERN
P006,2026-01-01 02:19:00,0.9688715953307393,0.05890955465761209,0,0.055865014247719134,0,0.47422242736491954,1,0.053150285728882946,0,1,0.49096245621508827,0.49517783789737674,50.48221621026232,ATTENTION_PATTERN
P006,2026-01-01 02:24:00,0.9863813229571985,0.058451839627326634,0,0.056580906846218006,0,0.9774595305921253,1,0.05274356043546761,0,1,0.5686260513349632,0.5135398912567734,48.64601087432266,ATTENTION_PATTERN
P006,2026-01-01 02:29:00,0.9863813229571985,0.05775017318104435,0,0.057348712831186935,0,0.9685520235216679,1,0.053330979541206025,0,1,0.5674198083319846,0.5270098705255761,47.299012947442385,ATTENTION_PATTERN
P006,2026-01-01 02:34:00,0.9844357976653697,0.05765630747414163,0,0.05837272960497071,0,0.6798103520845402,1,0.053212036498899405,0,1,0.5263380638344424,0.5268419188527926,47.31580811472074,ATTENTION_PATTERN
P006,2026-01-01 02:39:00,0.5758754863813229,0.060598550845293565,0,0.060500431315552584,0,0.12335062941659314,0,0.05319352535180163,0,0,0.28103943306366974,0.4653912974055119,53.46087025944881,ATTENTION_PATTERN
P006,2026-01-01 02:44:00,0.5758754863813229,0.06042266342887213,0,0.060678012488581255,0,0.12265376562521489,0,0.05349329342705861,0,0,0.2809624123546486,0.41928407614279606,58.07159238572039,ATTENTION_PATTERN
P006,2026-01-01 02:49:00,0.6536964980544747,0.05982408867383107,0,0.06018482426161184,0,0.13793512240801997,0,0.05318730812003534,0,0,0.314938180073671,0.3931976021255148,60.68023978744852,WATCH_PATTERN
P006,2026-01-01 02:54:00,0.49221789883268485,0.06101427539767698,0,0.060774698650700565,0,0.10802943982504938,0,0.05383998922569803,0,0,0.2446094023407941,0.3560505521793346,64.39494478206653,WATCH_PATTERN
P006,2026-01-01 02:59:00,0.5953307392996109,0.06037821071469588,0,0.060586936713162676,0,0.12617654682852034,0,0.0531335565216423,0,0,0.2894169345631422,0.3393921477752865,66.06078522247135,WATCH_PATTERN
P006,2026-01-01 03:04:00,0.47470817120622566,0.061253729141790794,0,0.061268096850340854,0,0.10480788082534595,0,0.05355598116604069,0,0,0.23705034345310907,0.31380669669474215,68.61933033052578,WATCH_PATTERN
P006,2026-01-01 03:09:00,0.44357976653696496,0.061434003734255546,0,0.0614048225543704,0,0.09957947765073674,0,0.054007353610315285,0,0,0.22358968330864754,0.2912524433482185,70.87475566517816,WATCH_PATTERN
P006,2026-01-01 03:14:00,0.1575875486381323,0.06348704894945022,0,0.06263182845682794,0,0.0631493625323559,0,0.054792303775745156,0,0,0.10133514308544225,0.24377311828252443,75.62268817174755,WATCH_PATTERN
P006,2026-01-01 03:19:00,0.3093385214007782,0.06226528198405244,0,0.06215040696469046,0,0.08082020425404057,0,0.05400114697191997,0,0,0.16594365939726985,0.22431575356121078,77.56842464387891,WATCH_PATTERN
P006,2026-01-01 03:24:00,0.9066147859922179,0.057880708002553245,0,0.05950300666611659,0,0.19861656226511815,0,0.0518745760766287,0,1,0.4270301988247551,0.27499436487709683,72.50056351229031,WATCH_PATTERN
P006,2026-01-01 03:29:00,0.857976653696498,0.05813702772547058,0,0.059624730676815396,0,0.18479785454000683,0,0.05203438308837134,0,0,0.4051407813258785,0.3075309689892922,69.24690310107079,WATCH_PATTERN
P006,2026-01-01 03:34:00,0.7042801556420234,0.05935930144631794,0,0.060086639010493485,0,0.14764923729592727,0,0.05302284605471473,0,0,0.3370172148517807,0.31490253045491434,68.50974695450857,WATCH_PATTERN
P006,2026-01-01 03:39:00,0.6595330739299611,0.0597100093039474,0,0.06007926540362828,0,0.13828053654435776,0,0.05337610126813124,0,0,0.3173669724932603,0.31551864096450083,68.44813590354993,WATCH_PATTERN
P006,2026-01-01 03:44:00,0.7315175097276264,0.059137189450841975,0,0.05998406710901973,0,0.1542765750538243,0,0.05351376637480864,0,0,0.3491473032974818,0.32392580654774605,67.6074193452254,WATCH_PATTERN
P006,2026-01-01 03:49:00,0.5894941634241245,0.06004586429966062,0,0.06047709743164571,0,0.12524733673235555,0,0.05408306272470287,0,0,0.2868783415133941,0.31466394028915806,68.5336059710842,WATCH_PATTERN
P006,2026-01-01 03:54:00,0.5330739299610895,0.06057965746511004,0,0.061061431169639704,0,0.11421216718842263,0,0.0541621368738945,0,0,0.2622977153474162,0.3015723840537226,69.84276159462775,WATCH_PATTERN
P006,2026-01-01 03:59:00,0.19844357976653695,0.06309684181624743,0,0.06250408948738542,0,0.06718336670274098,0,0.05505060777460723,0,0,0.11865634528512922,0.2558433743615743,74.41566256384257,WATCH_PATTERN
P006,2026-01-01 04:04:00,0.1614785992217899,0.06334706388387067,0,0.0627149385262813,0,0.06302083883971266,0,0.05464356486946778,0,0,0.1028942939596264,0.21760610426108734,78.23938957389127,WATCH_PATTERN
P006,2026-01-01 04:09:00,0.3638132295719844,0.06180391302434753,0,0.06155050504709054,0,0.08693484291722932,0,0.0538983163515724,0,0,0.18904343896628506,0.21046543793738678,78.95345620626132,WATCH_PATTERN
P006,2026-01-01 04:14:00,0.2723735408560311,0.06245675480041742,0,0.06203536951995783,0,0.07508059215168278,0,0.054437900368972676,0,0,0.14996543138514884,0.1953404362993273,80.46595637006727,STABLE_PATTERN
P006,2026-01-01 04:19:00,0.35019455252918286,0.06186513677936702,0,0.06209340694692068,0,0.08492669293585996,0,0.053661682642028474,0,0,0.18323473317081274,0.19231401051719865,80.76859894828013,STABLE_PATTERN
P006,2026-01-01 04:24:00,0.6128404669260701,0.05979663172951902,0,0.060489713862397446,0,0.12835804371048629,0,0.05302677549164768,0,0,0.2967970593821758,0.21843477273344294,78.15652272665571,WATCH_PATTERN
P006,2026-01-01 04:29:00,0.5992217898832685,0.05981501924164097,0,0.06080076856287385,0,0.12520395585238664,0,0.05264521512607124,0,0,0.29076840221175515,0.236518180103021,76.3481819896979,WATCH_PATTERN
P006,2026-01-01 04:34:00,0.745136186770428,0.05883833991592716,0,0.05956361184179172,0,0.15482431000972358,0,0.05297318014814793,0,0,0.35466026089616476,0.26605370030130693,73.39462996986931,WATCH_PATTERN
P006,2026-01-01 04:39:00,0.5972762645914397,0.06008910643986377,0,0.06037623200002057,0,0.12387302226746123,0,0.05390915563865234,0,0,0.2898690850409813,0.2720075464862255,72.79924535137745,WATCH_PATTERN
P006,2026-01-01 04:44:00,0.7957198443579766,0.05876458532806759,0,0.05897896733081742,0,0.16595057845414804,0,0.054256770463148446,0,0,0.3770535508138501,0.29826904756813166,70.17309524318684,WATCH_PATTERN
P006,2026-01-01 04:49:00,0.8540856031128404,0.058457447536541016,0,0.05865781723020644,0,0.18051974413257424,0,0.05390404862735406,0,0,0.40299614575758513,0.32445082211549503,67.5549177884505,WATCH_PATTERN
P006,2026-01-01 04:54:00,0.8326848249027238,0.058706292408177096,0,0.058360569253021015,0,0.17489004011061338,0,0.054650042983234955,0,0,0.39345236603251,0.3417012080947488,65.82987919052512,WATCH_PATTERN
P006,2026-01-01 04:59:00,0.7762645914396887,0.05905089857068712,0,0.058539716094508594,0,0.16151254094685466,0,0.05485988479051778,0,0,0.36844964615184705,0.34838831760902333,65.16116823909766,WATCH_PATTERN
P006,2026-01-01 05:04:00,0.8268482490272373,0.05857203936537425,0,0.05855108154703772,0,0.17299925965470714,0,0.054071466468687296,0,0,0.3907400795497662,0.358976258094209,64.1023741905791,WATCH_PATTERN
P006,2026-01-01 05:09:00,0.3735408560311284,0.06188601126840825,0,0.06063783935716496,0,0.08731797036040645,0,0.05548026926023798,0,0,0.19310050637375353,0.3175073201640951,68.24926798359049,WATCH_PATTERN
P006,2026-01-01 05:14:00,0.745136186770428,0.059316808863331176,0,0.059020692632884716,0,0.1524860956761475,0,0.054539302516420085,0,0,0.35446703465499385,0.3267472487868198,67.32527512131801,WATCH_PATTERN
P006,2026-01-01 05:19:00,0.4474708171206226,0.06149306792272244,0,0.05984258302816955,0,0.09766259129209386,0,0.05604014042533796,0,0,0.22484430649190412,0.30127151321309087,69.87284867869091,WATCH_PATTERN
P006,2026-01-01 05:24:00,0.7140077821011673,0.05944261662123849,0,0.058512203385906576,0,0.14636216563018373,0,0.05511857459517185,0,0,0.34077267270649614,0.31114680308644216,68.88531969135579,WATCH_PATTERN
P006,2026-01-01 05:29:00,0.6984435797665369,0.059542979813931876,0,0.05848618405079768,0,0.1429564191155845,0,0.05486736775624617,0,0,0.33387761539558436,0.31682950616372774,68.31704938362722,WATCH_PATTERN
P006,2026-01-01 05:34:00,0.4980544747081712,0.06095156815061544,0,0.059763264810842216,0,0.10524925849455857,0,0.05599916882745752,0,0,0.24662400579625327,0.29927813107185913,70.07218689281409,WATCH_PATTERN
P006,2026-01-01 05:39:00,0.7412451361867705,0.05893476632136047,0,0.05872591103350036,0,0.15239283756452252,0,0.05455881963680348,0,0,0.3527281014700888,0.31264062367141654,68.73593763285835,WATCH_PATTERN
P006,2026-01-01 05:44:00,0.7023346303501945,0.059034179761322414,0,0.059228231695027146,0,0.14456688668658094,0,0.05393218264504324,0,0,0.33565257734056886,0.31839361208870465,68.16063879112953,WATCH_PATTERN
P006,2026-01-01 05:49:00,0.10311284046692606,0.06353964185283284,0,0.06195222565793123,0,0.056317888744852135,0,0.056061746801918035,0,0,0.07793792514170164,0.2582796903519539,74.1720309648046,WATCH_PATTERN
P006,2026-01-01 05:54:00,0.35019455252918286,0.061690935863105825,0,0.06065039760626696,0,0.08389450600831096,0,0.05570222392961647,0,0,0.18298506352029625,0.2394560336440395,76.05439663559605,WATCH_PATTERN
P006,2026-01-01 05:59:00,0.2587548638132296,0.06264058135312686,0,0.060709222990975586,0,0.07241026426753142,0,0.05660524133956911,0,0,0.14397598456872557,0.21558602137521105,78.44139786247891,WATCH_PATTERN
P006,2026-01-01 06:04:00,0.4591439688715953,0.06125313856671619,0,0.059785060966280945,0,0.09912693023011407,0,0.055750443689120285,0,0,0.2297776280786109,0.21913392305106102,78.0866076948939,WATCH_PATTERN
P006,2026-01-01 06:09:00,0.5972762645914397,0.060142649509892884,0,0.05929263255189825,0,0.12201535402038464,0,0.055261883524777296,0,0,0.2895510903632662,0.2367382148791123,76.32617851208877,WATCH_PATTERN
P006,2026-01-01 06:14:00,0.16536964980544747,0.06357006187704405,0,0.06139284353177309,0,0.061163974787494954,0,0.057118644785225756,0,0,0.10426694819329113,0.20362039820765704,79.6379601792343,WATCH_PATTERN
P006,2026-01-01 06:19:00,0.23540856031128404,0.06313245616174452,0,0.060936500436379035,0,0.06843633430555932,0,0.057447193376675136,0,0,0.13400627137568166,0.1862168664996632,81.37831335003368,STABLE_PATTERN
P006,2026-01-01 06:24:00,0.054474708171206226,0.06465913183728149,0,0.061898618796527596,0,0.05086282631216414,0,0.05824646229800789,0,0,0.060584563181018986,0.15480879067000217,84.51912093299978,STABLE_PATTERN
P006,2026-01-01 06:29:00,0.3443579766536965,0.06243954573634357,0,0.06053417508525491,0,0.08146699611754127,0,0.05758806251930324,0,0,0.18052615546804635,0.1612381318695132,83.87618681304868,STABLE_PATTERN
P006,2026-01-01 06:34:00,0.642023346303502,0.06022285534149992,0,0.059032720803734666,0,0.12935335974928328,0,0.056489663297077185,0,0,0.30908939750085834,0.19820094827734946,80.17990517226505,STABLE_PATTERN
P006,2026-01-01 06:39:00,0.7315175097276264,0.05978472996985245,0,0.0587320801604803,0,0.1479353290355172,0,0.05688490669026993,0,0,0.3484592887757889,0.23576553340195933,76.42344665980407,WATCH_PATTERN
P006,2026-01-01 06:44:00,0.7529182879377432,0.05969130866289255,0,0.05882230974895308,0,0.15261809073502655,0,0.05637247245383176,0,0,0.3578857995551268,0.2662955999402512,73.37044000597488,WATCH_PATTERN
P006,2026-01-01 06:49:00,0.7023346303501945,0.05996177492464863,0,0.059375059522145585,0,0.1416234332735714,0,0.056455846187409814,0,0,0.33565895732727413,0.28363643928700694,71.6363560712993,WATCH_PATTERN
P006,2026-01-01 06:54:00,0.7568093385214008,0.05976380567782682,0,0.058766330121497054,0,0.15352557899729866,0,0.056689758221759125,0,0,0.3596474175943322,0.30263918386383826,69.73608161361618,WATCH_PATTERN
P006,2026-01-01 06:59:00,0.7821011673151751,0.059680070780337845,0,0.058506115491924054,0,0.16032539338011723,0,0.05675660892730952,0,0,0.37096511243255204,0.3197206660060167,68.02793339939834,WATCH_PATTERN
P006,2026-01-01 07:04:00,0.7859922178988327,0.059509580114685316,0,0.05849163325006007,0,0.16055023524990272,0,0.05684169542886593,0,0,0.3725710012138186,0.3329332498079671,66.70667501920329,WATCH_PATTERN
P006,2026-01-01 07:09:00,0.6848249027237354,0.0602277862751236,0,0.058993229924798135,0,0.13826273183232135,0,0.05703972669673378,0,0,0.3280114881585199,0.3317028093956053,66.82971906043946,WATCH_PATTERN
P006,2026-01-01 07:14:00,0.6439688715953308,0.06079120288575188,0,0.05912148310575222,0,0.13130098429226175,0,0.057709258359191044,0,0,0.3103923755277387,0.32637520092863864,67.36247990713613,WATCH_PATTERN
P006,2026-01-01 07:19:00,0.7101167315175098,0.06022578930712708,0,0.0591121527216643,0,0.14581430639938248,0,0.05701928432195846,0,0,0.33950681252560855,0.3296581038278811,67.0341896172119,WATCH_PATTERN
P006,2026-01-01 07:24:00,0.8443579766536965,0.05905341817584734,0,0.05855758860823933,0,0.17822436140108194,0,0.05643209179702724,0,0,0.398979337537075,0.34698841225517957,65.30115877448203,WATCH_PATTERN
P006,2026-01-01 07:29:00,0.7003891050583657,0.06018781709627073,0,0.05928328467120552,0,0.1420254381851948,0,0.056726677414135666,0,0,0.3349653175083929,0.3439826385684829,65.60173614315171,WATCH_PATTERN
P006,2026-01-01 07:34:00,0.943579766536965,0.05843645376107977,0,0.05837851761631967,0,0.2057870002911866,0,0.05604575927717696,0,1,0.4435340235299919,0.3688704848088601,63.11295151911399,WATCH_PATTERN
P006,2026-01-01 07:39:00,0.953307392996109,0.058396374488176146,0,0.05857589191215624,0,0.21006142832285457,0,0.05739615028861345,0,1,0.4482789617447648,0.3887226040428363,61.12773959571637,WATCH_PATTERN
P006,2026-01-01 07:44:00,0.943579766536965,0.05826291785609104,0,0.058586565229247024,0,0.20828239076973906,0,0.05542067164006537,0,1,0.4438318097970658,0.4024999054813937,59.75000945186063,ATTENTION_PATTERN
P006,2026-01-01 07:49:00,0.9280155642023347,0.0585007264160562,0,0.058466116967232584,0,0.20372135018846466,0,0.05556268325285957,0,1,0.43681911689902925,0.4110797083358026,58.89202916641973,ATTENTION_PATTERN
P006,2026-01-01 07:54:00,0.8813229571984436,0.0589533066471762,0,0.05840048788181139,0,0.1899928058966556,0,0.05635606490462867,0,0,0.4158040907102702,0.4122608039294195,58.77391960705805,ATTENTION_PATTERN
P006,2026-01-01 07:59:00,0.8482490272373541,0.059396630833790064,0,0.05854598981368125,0,0.1799848240015583,0,0.056343553824741745,0,0,0.40088679903540764,0.40941730270591653,59.05826972940835,ATTENTION_PATTERN
P006,2026-01-01 08:04:00,0.8365758754863813,0.059427037313489944,0,0.05862882657734952,0,0.17727846148096094,0,0.05636482231746018,0,0,0.395720232560829,0.4059930351696447,59.40069648303553,ATTENTION_PATTERN
P006,2026-01-01 08:09:00,0.8443579766536965,0.059388414360295926,0,0.05864676859719055,0,0.17971672600070437,0,0.05610182751650261,0,0,0.3992411678717538,0.404305068345172,59.569493165482804,ATTENTION_PATTERN
P006,2026-01-01 08:14:00,0.8521400778210116,0.05925018248036035,0,0.05846910650480701,0,0.17975179286524545,0,0.05632997862029197,0,0,0.40241452692645385,0.40383243299049243,59.61675670095076,ATTENTION_PATTERN
P006,2026-01-01 08:19:00,0.9766536964980544,0.05798973825190823,0,0.058504152786577654,0,0.21536087054171688,0,0.6024543566973355,0,1,0.5043326971611339,0.42895749903315283,57.104250096684716,ATTENTION_PATTERN
P006,2026-01-01 08:24:00,0.9727626459143969,0.05746797880156337,0,0.05884496016549468,0,0.21274197923269683,0,0.9332302048697998,1,1,0.5301031015712817,0.4542438996676851,54.57561003323149,ATTENTION_PATTERN
P006,2026-01-01 08:29:00,0.9922178988326849,0.057903970425976614,0,0.9418988146081817,1,0.21885777518323712,0,0.952520602408862,1,1,0.6890337725047296,0.5129413678769462,48.70586321230538,ATTENTION_PATTERN
P006,2026-01-01 08:34:00,0.9863813229571985,0.05831778113422262,0,0.958821340901622,1,0.21617724813012826,0,0.9535104490906001,1,1,0.6892610678939742,0.5570212928812032,44.29787071187968,ATTENTION_PATTERN
P006,2026-01-01 08:39:00,0.9630350194552529,0.0589022608018161,0,0.957642742607889,1,0.20942691997659124,0,0.9549672859100831,1,1,0.6787362727040152,0.5874500378369062,41.25499621630938,ATTENTION_PATTERN
P006,2026-01-01 08:44:00,0.9649805447470817,0.05890834545219647,0,0.957509423744661,1,0.20982140852263273,0,0.9550495633595419,1,1,0.6795787638489013,0.610482219339905,38.9517780660095,ATTENTION_PATTERN
P006,2026-01-01 08:49:00,0.9902723735408561,0.057242918998844185,0,0.9587444490122858,1,0.21937834385738328,0,0.95243107976834,1,1,0.6909980762972443,0.6306111835792398,36.93888164207601,ATTENTION_PATTERN
P006,2026-01-01 08:54:00,0.9863813229571985,0.05650927836442185,0,0.9448120462044958,1,0.21960314634594724,0,0.9502206014280036,1,1,0.6867563183885326,0.644647467281563,35.5352532718437,ATTENTION_PATTERN
P006,2026-01-01 08:59:00,0.9513618677042801,0.056642058337652054,0,0.05902169046120067,0,0.2141387726887232,0,0.9489128041219598,1,1,0.5226666806484908,0.6141522706232949,38.58477293767051,ATTENTION_PATTERN
P006,2026-01-01 09:04:00,0.914396887159533,0.05713614770473695,0,0.058972773232173974,0,0.2013342484914781,0,0.9494321283113398,1,1,0.5162872942753628,0.5896860265363119,41.03139734636881,ATTENTION_PATTERN
P006,2026-01-01 09:09:00,0.9260700389105059,0.05670392867714595,0,0.059079252085365866,0,0.205215694636039,0,0.9489935903986758,1,1,0.5179028646911756,0.5717402360750279,42.82597639249721,ATTENTION_PATTERN
P006,2026-01-01 09:14:00,0.8852140077821011,0.05696367642816949,0,0.05920379482517396,0,0.19450837523419814,0,0.9489152208029077,1,0,0.5118697043032501,0.5567726031320834,44.32273968679166,ATTENTION_PATTERN
P006,2026-01-01 09:19:00,0.8521400778210116,0.05733752543393208,0,0.0593492927018636,0,0.18577224314869906,0,0.9492355762085674,1,0,0.5071631001798248,0.5443702273940187,45.562977260598124,ATTENTION_PATTERN
P006,2026-01-01 09:24:00,0.9299610894941635,0.05700104724538281,0,0.05886191191757239,0,0.20643751429103643,0,0.9495203992435453,1,1,0.51873373379586,0.537961103994479,46.203889600552095,ATTENTION_PATTERN
P006,2026-01-01 09:29:00,0.9688715953307393,0.057514626939978594,0,0.058486475993587826,0,0.21622032594488338,0,0.9515283179904389,1,1,0.5304729164669036,0.5360890571125853,46.39109428874148,ATTENTION_PATTERN
P006,2026-01-01 09:34:00,0.9688715953307393,0.05830715720087135,0,0.05805074248773559,0,0.21522197990716133,0,0.9525172495021943,1,1,0.5304983509707618,0.5346913805771294,46.53086194228706,ATTENTION_PATTERN
P006,2026-01-01 09:39:00,0.10311284046692606,0.06557382655895427,0,0.06121268011843906,0,0.05734183613498208,0,0.05843093100307117,0,0,0.0785547458009818,0.4206572218830925,57.93427781169075,ATTENTION_PATTERN
P006,2026-01-01 09:44:00,0.10894941634241245,0.06555965752442212,0,0.06122064614606726,0,0.0579428166636099,0,0.05842457143874153,0,0,0.08104157929415964,0.3357533112358593,66.42466887641407,WATCH_PATTERN
P006,2026-01-01 09:49:00,0.1575875486381323,0.06536168571810363,0,0.06099039740312423,0,0.06290600389158833,0,0.05828469982911771,0,0,0.10168610253385194,0.27723650906035746,72.27634909396426,WATCH_PATTERN
P006,2026-01-01 09:54:00,0.603112840466926,0.0617450535255032,0,0.059173092809623615,0,0.12693883960163563,0,0.05643234062129409,0,0,0.29303735451180657,0.28118672042321974,71.88132795767802,WATCH_PATTERN
P006,2026-01-01 09:59:00,0.08365758754863813,0.06572880074607057,0,0.06093504016085697,0,0.05616948835055909,0,0.05785569282328009,0,0,0.0703104643295265,0.22846765639979644,77.15323436002035,WATCH_PATTERN
P006,2026-01-01 10:04:00,0.1264591439688716,0.06542748880369599,0,0.06066536333379988,0,0.060600162203609226,0,0.05800070371672194,0,0,0.08847281798148782,0.19346894679521925,80.65310532047806,STABLE_PATTERN
P006,2026-01-01 10:09:00,0.0,0.06643993525932751,0,0.06119886172806776,0,0.049338629180727754,0,0.058236396761192424,0,0,0.05503488207218388,0.1588604306144604,84.11395693855395,STABLE_PATTERN
P006,2026-01-01 10:14:00,0.0,0.06657574555244748,0,0.061127842263490426,0,0.049380522233196555,0,0.05791982509532939,0,0,0.055069585714935525,0.13291271938957916,86.70872806104208,STABLE_PATTERN
P006,2026-01-01 10:19:00,0.07003891050583658,0.0661760959168213,0,0.06078109484998015,0,0.05554929336309098,0,0.05802811491706866,0,0,0.06468903258676481,0.11585679768887558,88.41432023111244,STABLE_PATTERN
P006,2026-01-01 10:24:00,0.1517509727626459,0.06532415043092295,0,0.06052628017502298,0,0.06351046570520216,0,0.057346405696568556,0,0,0.09920191260931494,0.11169307641898542,88.83069235810146,STABLE_PATTERN
P006,2026-01-01 10:29:00,0.9863813229571985,0.12486183899039703,0,0.056740414048669134,0,0.22087945338576612,0,0.05674679009643187,0,1,0.47608426890276756,0.20279087453993094,79.7209125460069,WATCH_PATTERN
P006,2026-01-01 10:34:00,0.9922178988326849,0.9591201204222115,1,0.05756832057507209,0,0.2157496985404835,0,0.056097090560507476,0,1,0.6413699091811821,0.3124356332002437,68.75643667997564,WATCH_PATTERN
P006,2026-01-01 10:39:00,0.9863813229571985,0.9578746073104176,1,0.05778388215874047,0,0.2046476457366746,0,0.05539303591445012,0,1,0.6371439057138243,0.39361270132863885,60.63872986713612,WATCH_PATTERN
P006,2026-01-01 10:44:00,0.9727626459143969,0.957744932510412,1,0.05771432570855286,0,0.19940761278403266,0,0.05540704519828927,0,1,0.63076348119423,0.45290039629503664,54.70996037049633,ATTENTION_PATTERN
P006,2026-01-01 10:49:00,0.9727626459143969,0.9578609092838699,1,0.05739610158463085,0,0.1999588947105925,0,0.055505930794480386,0,1,0.6308182368488073,0.4973798564334793,50.262014356652074,ATTENTION_PATTERN
P006,2026-01-01 10:54:00,0.9766536964980544,0.9579600824794661,1,0.057463617686959616,0,0.20238899569535643,0,0.055817163248072024,0,1,0.6328184880047709,0.5312395143263022,46.87604856736978,ATTENTION_PATTERN
P006,2026-01-01 10:59:00,0.9785992217898832,0.9578867000780351,1,0.05741373068183191,0,0.20191143920696838,0,0.05577542384221545,0,1,0.6335269164389962,0.5568113648544757,44.31886351455243,ATTENTION_PATTERN
P006,2026-01-01 11:04:00,0.9766536964980544,0.9578377511816901,1,0.05719107127486779,0,0.2028803793180852,0,0.05606496548746644,0,1,0.6328383323684665,0.5758181067329734,42.41818932670266,ATTENTION_PATTERN
P006,2026-01-01 11:09:00,0.9844357976653697,0.9578250584497898,1,0.05709892975283521,0,0.20456399710160006,0,0.056034210275025885,0,1,0.6362597135500936,0.5909285084372534,40.907149156274656,ATTENTION_PATTERN
P006,2026-01-01 11:14:00,0.9902723735408561,0.9577310508159981,1,0.05705670834702678,0,0.20710794293113644,0,0.055865965742599555,0,1,0.6389808839938063,0.6029416023263916,39.70583976736084,ATTENTION_PATTERN
P006,2026-01-01 11:19:00,0.9922178988326849,0.9562971435107743,1,0.05620358915873804,0,0.21253985952536503,0,0.05314554018252388,0,1,0.6398900231347291,0.6121787075284759,38.78212924715241,ATTENTION_PATTERN
P006,2026-01-01 11:24:00,0.9922178988326849,0.12803846891504808,0,0.05535837451409216,0,0.2210412792984658,0,0.053191837458624734,0,1,0.47860341459309275,0.5787848842946302,42.12151157053698,ATTENTION_PATTERN
P006,2026-01-01 11:29:00,0.556420233463035,0.06249653046996627,0,0.05738335445194734,0,0.12287021744230696,0,0.055835868250058984,0,0,0.2730269030817389,0.5023453889914073,49.76546110085926,ATTENTION_PATTERN
P006,2026-01-01 11:34:00,0.6439688715953308,0.061627997667068224,0,0.05715064640889006,0,0.14054242997253014,0,0.05444706220590604,0,0,0.3112450646581655,0.4545703079080969,54.542969209190304,ATTENTION_PATTERN
P006,2026-01-01 11:39:00,0.556420233463035,0.062220543648696745,0,0.057890113923212846,0,0.12296787473452372,0,0.05484785499322095,0,0,0.2729886241632786,0.4091748869718923,59.08251130281077,ATTENTION_PATTERN
P006,2026-01-01 11:44:00,0.5758754863813229,0.062042913224025144,0,0.0577074080392396,0,0.1266382867286611,0,0.054226648895818214,0,0,0.2814003545808675,0.3772312538741361,62.2768746125864,WATCH_PATTERN
P006,2026-01-01 11:49:00,0.4182879377431907,0.06345377844533513,0,0.05809753077020353,0,0.09950527110014579,0,0.05581626565880864,0,0,0.21315126036423476,0.33621125549666075,66.37887445033392,WATCH_PATTERN
P006,2026-01-01 11:54:00,0.5894941634241245,0.06188750968872837,0,0.05743679060323293,0,0.1291401619270998,0,0.054482321027982596,0,0,0.2873070656872177,0.3239852080443,67.60147919557001,WATCH_PATTERN
P006,2026-01-01 11:59:00,0.35019455252918286,0.06405220750543196,0,0.05835008265696311,0,0.08941613982282223,0,0.056381547357733236,0,0,0.18389151175270252,0.2889617839714006,71.10382160285994,WATCH_PATTERN
P007,2026-01-01 00:14:00,0.8249027237354085,0.05868706075477573,0,0.057809601788474725,0,0.18219233887302907,0,0.05247524399276504,0,0,0.39098944712500444,0.39098944712500444,60.90105528749956,WATCH_PATTERN
P007,2026-01-01 00:19:00,0.6945525291828794,0.05976398466414355,0,0.05835245380987807,0,0.15110018542256673,0,0.052955625365123896,0,0,0.3332748937474077,0.37656080878060527,62.34391912193947,WATCH_PATTERN
P007,2026-01-01 00:24:00,0.6498054474708171,0.059872184458282345,0,0.058553425254875446,0,0.14162627725622387,0,0.05311690983535419,0,0,0.31358126719666013,0.360815923384619,63.918407661538104,WATCH_PATTERN
P007,2026-01-01 00:29:00,0.7782101167315175,0.059096937703091296,0,0.058087277911178126,0,0.17084643970815538,0,0.05235628991976916,0,0,0.3702806604846714,0.36318210765963205,63.6817892340368,WATCH_PATTERN
P007,2026-01-01 00:34:00,0.7003891050583657,0.05983162912129894,0,0.058451723331234134,0,0.15207446842893074,0,0.05276105361465411,0,0,0.3358295541951498,0.35634396929351153,64.36560307064885,WATCH_PATTERN
P007,2026-01-01 00:39:00,0.6517509727626459,0.06038469188788846,0,0.058488897031755194,0,0.14104641151492125,0,0.053528766241111754,0,0,0.3144258490659135,0.34586443923661203,65.41355607633879,WATCH_PATTERN
P007,2026-01-01 00:44:00,0.5817120622568094,0.060802270531587876,0,0.05860386658715046,0,0.12699927898616056,0,0.05422287584784717,0,0,0.2837626848899196,0.33033900064993893,66.96609993500611,WATCH_PATTERN
P007,2026-01-01 00:49:00,0.38715953307393,0.06232615364724827,0,0.05941753650892697,0,0.09438800306223954,0,0.05489318269604192,0,0,0.1995331476500006,0.29763753739995435,70.23624626000456,WATCH_PATTERN
P007,2026-01-01 00:54:00,0.6089494163424124,0.06039692431404537,0,0.05870840506989412,0,0.13303208295381985,0,0.053691382541745256,0,0,0.2957225364974104,0.2971587871743184,70.28412128256815,WATCH_PATTERN
P007,2026-01-01 00:59:00,0.857976653696498,0.05847744880157157,0,0.05793584534075418,0,0.1908818176626651,0,0.052472819280792254,0,0,0.4058123545976715,0.32432217903015664,67.56778209698433,WATCH_PATTERN
P007,2026-01-01 01:04:00,0.48638132295719844,0.061319126279186904,0,0.05984795658545529,0,0.10990961650172569,0,0.05325586912181198,0,0,0.24232294983191666,0.3038223717305966,69.61776282694035,WATCH_PATTERN
P007,2026-01-01 01:09:00,0.3540856031128405,0.06237019510223404,0,0.06050383411910375,0,0.08922061219265742,0,0.05376106370502962,0,0,0.1852792859127321,0.2741866002761305,72.58133997238694,WATCH_PATTERN
P007,2026-01-01 01:14:00,0.09727626459143969,0.06440809251210028,0,0.061592293096017395,0,0.059340531031277115,0,0.055107175835009625,0,0,0.07598598949869534,0.2246364475817717,77.53635524182283,WATCH_PATTERN
P007,2026-01-01 01:19:00,0.29766536964980544,0.06283099519620004,0,0.060715468590729196,0,0.08165242132884684,0,0.05401074129294152,0,0,0.16112144733206318,0.2087576975193446,79.12423024806554,WATCH_PATTERN
P007,2026-01-01 01:24:00,0.566147859922179,0.060749081301630974,0,0.059574050439585566,0,0.12407618154739608,0,0.05278317937409582,0,0,0.27697263118096727,0.22581143093475026,77.41885690652497,WATCH_PATTERN
P007,2026-01-01 01:29:00,0.4085603112840467,0.06200561593116619,0,0.06035687254362312,0,0.09727485805250481,0,0.05324066146862496,0,0,0.20871059924957966,0.2215362230134576,77.84637769865424,WATCH_PATTERN
P007,2026-01-01 01:34:00,0.321011673151751,0.06256408778445889,0,0.06070991809487964,0,0.08459908882916065,0,0.05346289417892696,0,0,0.1710533923313275,0.20891551534292507,79.1084484657075,WATCH_PATTERN
P007,2026-01-01 01:39:00,0.30544747081712065,0.06263976811723028,0,0.06065201627437104,0,0.08266310526665661,0,0.054064097281735196,0,0,0.16442551017072288,0.19779301404987454,80.22069859501255,STABLE_PATTERN
P007,2026-01-01 01:44:00,0.34824902723735407,0.0623128743925565,0,0.06040229447760587,0,0.08836336698571216,0,0.05376964603002054,0,0,0.18272702971949015,0.19402651796727846,80.59734820327216,STABLE_PATTERN
P007,2026-01-01 01:49:00,0.8754863813229572,0.05833259849022842,0,0.05835528070557588,0,0.19454644423769119,0,0.05167610339893768,0,0,0.4135145604464674,0.2488985285870757,75.11014714129243,WATCH_PATTERN
P007,2026-01-01 01:54:00,0.8501945525291829,0.05841661260571486,0,0.05848994162327447,0,0.187664999441194,0,0.051736970985404564,0,0,0.4021751273899947,0.2872176782878054,71.27823217121946,WATCH_PATTERN
P007,2026-01-01 01:59:00,0.6614785992217899,0.059631094429598366,0,0.05942363293915896,0,0.1432716670944974,0,0.052298143779453174,0,0,0.3186511251920611,0.29507604001386933,70.49239599861306,WATCH_PATTERN
P007,2026-01-01 02:04:00,0.4163424124513619,0.0615613648881843,0,0.06052806840190428,0,0.09811965202445747,0,0.052960178431407434,0,0,0.2119532232112274,0.27429533581320886,72.57046641867912,WATCH_PATTERN
P007,2026-01-01 02:09:00,0.8657587548638133,0.05835655793053693,0,0.058303009310814224,0,0.19139441461971227,0,0.05190265866031475,0,0,0.4090804392967192,0.30799161168408645,69.20083883159135,WATCH_PATTERN
P007,2026-01-01 02:14:00,0.8035019455252919,0.058766813767469644,0,0.05878932445827633,0,0.17501511881108087,0,0.052140774838654494,0,0,0.381319645283833,0.3263236200840231,67.36763799159769,WATCH_PATTERN
P007,2026-01-01 02:19:00,0.8287937743190662,0.05852954105731324,0,0.058702616680541025,0,0.18078542843609305,0,0.052007889597357186,0,0,0.3924754873762506,0.34286158690707996,65.71384130929201,WATCH_PATTERN
P007,2026-01-01 02:24:00,0.9280155642023347,0.05786607797498407,0,0.058423435291529234,0,0.2066155507536038,0,0.052075319928681106,0,1,0.43679980484294945,0.3663461413910474,63.36538586089526,WATCH_PATTERN
P007,2026-01-01 02:29:00,0.9241245136186771,0.05796769395055685,0,0.058695076592847034,0,0.20507621245163674,0,0.052310671808992584,0,1,0.4350665066679869,0.38352623271028224,61.64737672897178,WATCH_PATTERN
P007,2026-01-01 02:34:00,0.9163424124513618,0.05792121202619778,0,0.05875329231506614,0,0.20253494789465512,0,0.052023681946039686,0,1,0.43148106658474594,0.3955149411788982,60.44850588211018,WATCH_PATTERN
P007,2026-01-01 02:39:00,0.7801556420233463,0.05900410242787091,0,0.05956750696942582,0,0.16726086160713807,0,0.05193189323100418,0,0,0.3707750694167486,0.38932997323836077,61.067002676163916,WATCH_PATTERN
P007,2026-01-01 02:44:00,0.5992217898832685,0.060316679246790586,0,0.06045014642380802,0,0.12815138957080874,0,0.05235104452590457,0,0,0.2911957534435665,0.3647964182896622,63.520358171033784,WATCH_PATTERN
P007,2026-01-01 02:49:00,0.5155642023346303,0.060833177921856184,0,0.060686005072089155,0,0.1127241629670489,0,0.05266681270824791,0,0,0.25473639816954213,0.3372814132596322,66.27185867403678,WATCH_PATTERN
P007,2026-01-01 02:54:00,0.48249027237354086,0.060941227692916614,0,0.060737089426862255,0,0.10730470607045241,0,0.05293784172733997,0,0,0.24040374142438323,0.3130619953008199,68.693800469918,WATCH_PATTERN
P007,2026-01-01 02:59:00,0.16926070038910507,0.06345440739135028,0,0.06208644780472874,0,0.06488593782758785,0,0.054152798674679675,0,0,0.10623586202474575,0.2613554619818014,73.86445380181986,WATCH_PATTERN
P007,2026-01-01 03:04:00,0.10311284046692606,0.06388368565420784,0,0.06250967390697616,0,0.058313354704893614,0,0.054384608248157724,0,0,0.07823749462850063,0.21557597014347618,78.44240298565238,WATCH_PATTERN
P007,2026-01-01 03:09:00,0.377431906614786,0.062056491337464166,0,0.06112047889108951,0,0.08987654075023975,0,0.05387471682698785,0,0,0.19504145019963837,0.21044234015751673,78.95576598424833,WATCH_PATTERN
P007,2026-01-01 03:14:00,0.3035019455252918,0.06250200082072004,0,0.061580637689192946,0,0.07986440672135416,0,0.05452512187572766,0,0,0.16339986802761647,0.19868172212504165,80.13182778749584,STABLE_PATTERN
P007,2026-01-01 03:19:00,0.7937743190661478,0.058761683188195475,0,0.059497367824040186,0,0.16907052682116566,0,0.05227998130690691,0,0,0.3766092593393213,0.24316360642861157,75.68363935713884,WATCH_PATTERN
P007,2026-01-01 03:24:00,0.622568093385214,0.05994145825077808,0,0.060374223362827065,0,0.13121072990848642,0,0.05241267797311529,0,0,0.3011616169537454,0.25766310905989503,74.23368909401049,WATCH_PATTERN
P007,2026-01-01 03:29:00,0.6731517509727627,0.05937750853894679,0,0.0600907504098758,0,0.14254931353984493,0,0.05206539910942418,0,0,0.32340215656404087,0.27409787093593146,72.59021290640686,WATCH_PATTERN
P007,2026-01-01 03:34:00,0.10894941634241245,0.06374429405003426,0,0.06275748529650477,0,0.058730291391867855,0,0.05398509846055344,0,0,0.08068128776224144,0.22574372514250898,77.4256274857491,WATCH_PATTERN
P007,2026-01-01 03:39:00,0.6653696498054474,0.059464031754485114,0,0.06014469482231733,0,0.140553014863377,0,0.051723209699619736,0,0,0.31991372636951354,0.24928622544926013,75.07137745507399,WATCH_PATTERN
P007,2026-01-01 03:44:00,0.3424124513618677,0.0619800931352939,0,0.06171188388308993,0,0.08500681013841979,0,0.05317853920698657,0,0,0.17995757542073182,0.23195406294212806,76.8045937057872,WATCH_PATTERN
P007,2026-01-01 03:49:00,0.019455252918287938,0.0645230803177289,0,0.06317739570013393,0,0.05022086380133649,0,0.05473356235016621,0,0,0.05642477881166535,0.18807174190951237,81.19282580904877,STABLE_PATTERN
P007,2026-01-01 03:54:00,0.07003891050583658,0.06411981043595211,0,0.06289842122499509,0,0.05434263124382628,0,0.0544206301486998,0,0,0.06416975004627691,0.1570962439437035,84.29037560562965,STABLE_PATTERN
P007,2026-01-01 03:59:00,0.08365758754863813,0.0640825639376278,0,0.0628860811520051,0,0.05540984054879275,0,0.05475334114651043,0,0,0.06994862856848867,0.1353093400998998,86.46906599001002,STABLE_PATTERN
P007,2026-01-01 04:04:00,0.28599221789883267,0.062429541732472484,0,0.062066684194132644,0,0.07696255111266084,0,0.05392112602542932,0,0,0.15579631864040652,0.1404310847350265,85.95689152649734,STABLE_PATTERN
P007,2026-01-01 04:09:00,0.5953307392996109,0.059958412076900225,0,0.06033528598588842,0,0.12473187048366981,0,0.053107199235937326,0,0,0.2890879080076739,0.17759529055318835,82.24047094468116,STABLE_PATTERN
P007,2026-01-01 04:14:00,0.5214007782101168,0.06051466969177752,0,0.06049911340000119,0,0.11165892933613858,0,0.05336916383357543,0,0,0.2569571068024364,0.19743574461550034,80.25642553844996,STABLE_PATTERN
P007,2026-01-01 04:19:00,0.5272373540856031,0.060682154883588725,0,0.06031309498657848,0,0.11189570754764501,0,0.053790913835574265,0,0,0.2594319280170556,0.21293479046588915,78.70652095341109,WATCH_PATTERN
P007,2026-01-01 04:24:00,0.6147859922178989,0.06006895498282369,0,0.05991879252204942,0,0.12675962739770114,0,0.05363802670373343,0,0,0.29738364319290383,0.2340470036476428,76.59529963523572,WATCH_PATTERN
P007,2026-01-01 04:29:00,0.6848249027237354,0.05958099687269333,0,0.059269994926028996,0,0.14100363265108712,0,0.05402310076558847,0,0,0.32806154349226135,0.25755063860879746,74.24493613912026,WATCH_PATTERN
P007,2026-01-01 04:34:00,0.6245136186770428,0.05987897662260948,0,0.059611241319983715,0,0.12962210462556034,0,0.05366346891213769,0,0,0.3017054048909284,0.2685893301793302,73.14106698206699,WATCH_PATTERN
P007,2026-01-01 04:39:00,0.3346303501945525,0.061862739130489335,0,0.06055555065216439,0,0.08322982271236154,0,0.054609061019270676,0,0,0.1764054699646445,0.24554336512565877,75.44566348743412,WATCH_PATTERN
P007,2026-01-01 04:44:00,0.5525291828793775,0.06020762911934277,0,0.059867974474664756,0,0.11667250548334596,0,0.053450831918649896,0,0,0.2703245590142734,0.25173866359781244,74.82613364021876,WATCH_PATTERN
P007,2026-01-01 04:49:00,0.6128404669260701,0.05992217591053901,0,0.059389790881507434,0,0.1271686410981104,0,0.05352132034448978,0,0,0.29651190438277236,0.2629319737940524,73.70680262059476,WATCH_PATTERN
P007,2026-01-01 04:54:00,0.6439688715953308,0.05963411459674824,0,0.059406785935804854,0,0.1332231076012097,0,0.05360866964110182,0,0,0.31013816490947604,0.2747335215729083,72.52664784270917,WATCH_PATTERN
P007,2026-01-01 04:59:00,0.8190661478599222,0.0583152581829469,0,0.058614413373056715,0,0.17270486448423927,0,0.05275723553083402,0,0,0.3873425537812026,0.30288577962498187,69.71142203750182,WATCH_PATTERN
P007,2026-01-01 05:04:00,0.9182879377431906,0.057523292700130846,0,0.05820526673912901,0,0.19878830458063002,0,0.052447649798670434,0,1,0.43162364575597034,0.33507024615772896,66.49297538422711,WATCH_PATTERN
P007,2026-01-01 05:09:00,0.7587548638132295,0.058757424376052976,0,0.05903576516810836,0,0.15759128644872888,0,0.0531385383878956,0,0,0.3605678849444044,0.34144465585439787,65.85553441456021,WATCH_PATTERN
P007,2026-01-01 05:14:00,0.20233463035019456,0.06294902153963332,0,0.06170419602704416,0,0.06593808776045253,0,0.05524750168737251,0,0,0.11993830328679435,0.286068067712497,71.3931932287503,WATCH_PATTERN
P007,2026-01-01 05:19:00,0.2587548638132296,0.062352521856848864,0,0.06131068480231675,0,0.07230204507608753,0,0.0551809833039597,0,0,0.14388578212996705,0.2505224963168645,74.94775036831355,WATCH_PATTERN
P007,2026-01-01 05:24:00,0.3715953307392996,0.06146434811884864,0,0.060960798572683605,0,0.08660243753847999,0,0.05446721478447282,0,0,0.19208528995337953,0.23591319472599326,76.40868052740068,WATCH_PATTERN
P007,2026-01-01 05:29:00,0.5758754863813229,0.05983858621278841,0,0.05978610439126839,0,0.11962797259672017,0,0.05363715222056426,0,0,0.28028656577461286,0.24700653748814816,75.29934625118518,WATCH_PATTERN
P007,2026-01-01 05:34:00,0.04085603112840467,0.06369054405412049,0,0.062229483079653355,0,0.051318405548626454,0,0.055550508905995805,0,0,0.058471758019518205,0.19987284262099067,80.01271573790093,STABLE_PATTERN
P007,2026-01-01 05:39:00,0.16342412451361868,0.06278132782010024,0,0.061481639852569415,0,0.06251731181953742,0,0.05494981343078139,0,0,0.10333300303050308,0.17573788272336877,82.42621172766313,STABLE_PATTERN
P007,2026-01-01 05:44:00,0.14980544747081712,0.06320206257478436,0,0.061562716422705166,0,0.060706201237724675,0,0.055743666567565596,0,0,0.09763132114660582,0.15621124232917802,84.37887576708219,STABLE_PATTERN
P007,2026-01-01 05:49:00,0.1614785992217899,0.06319369907120485,0,0.06149947507921874,0,0.061586005573442446,0,0.056243371996824075,0,0,0.10259354373865749,0.14280681768154788,85.71931823184521,STABLE_PATTERN
P007,2026-01-01 05:54:00,0.07587548638132295,0.06399099896025608,0,0.06192399212586714,0,0.05345317921027163,0,0.05660579992190399,0,0,0.0664444991453389,0.12371623804749562,87.62837619525044,STABLE_PATTERN
P007,2026-01-01 05:59:00,0.5680933852140078,0.06010796529655724,0,0.0596149806031036,0,0.11698556055900455,0,0.05480176466516651,0,0,0.27683227935775245,0.16199524837505982,83.80047516249401,STABLE_PATTERN
P007,2026-01-01 06:04:00,0.14007782101167315,0.06331598523833243,0,0.06167031370863997,0,0.059346999203428896,0,0.05585281019064688,0,0,0.09348282401106839,0.14486714228406194,85.5132857715938,STABLE_PATTERN
P007,2026-01-01 06:09:00,0.009727626459143969,0.06420811108928864,0,0.062186383061533276,0,0.048128392549732994,0,0.056187210713151546,0,0,0.05484173027491623,0.12236078928177552,87.76392107182245,STABLE_PATTERN
P007,2026-01-01 06:14:00,0.05642023346303502,0.0638683286348722,0,0.06227702597170126,0,0.05161150695779769,0,0.055891302758818706,0,0,0.06038077791983479,0.10686578644129033,89.31342135587097,STABLE_PATTERN
P007,2026-01-01 06:19:00,0.06809338521400778,0.06407881905589279,0,0.0625016679249427,0,0.05230909068773158,0,0.05582808862181948,0,0,0.06312703559503183,0.09593109872972572,90.40689012702742,STABLE_PATTERN
P007,2026-01-01 06:24:00,0.9941634241245136,0.05975238706009406,0,0.05791284611321336,0,0.21346048616196261,0,0.055242865297321385,0,1,0.4655610254977477,0.1883385804217312,81.16614195782688,STABLE_PATTERN
P007,2026-01-01 06:29:00,0.9961089494163424,0.9598993248186113,1,0.0573737127882767,0,0.21425859581033144,0,0.05676602272526494,0,1,0.64294048789478,0.30198905728999337,69.80109427100066,WATCH_PATTERN
P007,2026-01-01 06:34:00,0.9922178988326849,0.9593764239270782,1,0.05740880594349637,0,0.22184202094089794,0,0.05695303795566117,0,1,0.642318170927282,0.3870713356993155,61.29286643006845,WATCH_PATTERN
P007,2026-01-01 06:39:00,0.9863813229571985,0.9589233584060103,1,0.057492307224131727,0,0.21402253745703792,0,0.05686999886697513,0,1,0.6387370260684091,0.4499877582915889,55.00122417084111,ATTENTION_PATTERN
P007,2026-01-01 06:44:00,0.9863813229571985,0.9589834772840656,1,0.05720282661858672,0,0.2170219530225942,0,0.05689812174951234,0,1,0.6391224571280875,0.4972714330007135,50.272856699928646,ATTENTION_PATTERN
P007,2026-01-01 06:49:00,0.9863813229571985,0.9592464328801094,1,0.0569688899208314,0,0.2159046648656923,0,0.05701237926966447,0,1,0.6389878723494156,0.532700542837889,46.7299457162111,ATTENTION_PATTERN
P007,2026-01-01 06:54:00,0.9863813229571985,0.959450649812503,1,0.057234635710489326,0,0.2151391063362535,0,0.05731412347161887,0,1,0.6389907124796701,0.5592730852483343,44.07269147516657,ATTENTION_PATTERN
P007,2026-01-01 06:59:00,0.9844357976653697,0.9592538507639435,1,0.057397856578937485,0,0.21286378260657657,0,0.05703363140611658,0,1,0.6378358978961612,0.5789137884102911,42.10862115897089,ATTENTION_PATTERN
P007,2026-01-01 07:04:00,0.9863813229571985,0.9592676892721623,1,0.0571855399504121,0,0.2143953971392695,0,0.057086886878566785,0,1,0.6388233969646762,0.5938911905488873,40.61088094511127,ATTENTION_PATTERN
P007,2026-01-01 07:09:00,0.9863813229571985,0.9594276470371986,1,0.057347566123837915,0,0.23708399746318146,0,0.05719552024302613,0,1,0.642067498331721,0.6059352674945957,39.40647325054043,ATTENTION_PATTERN
P007,2026-01-01 07:14:00,0.9863813229571985,0.9594008575441398,1,0.05737312052266044,0,0.23683371335590894,0,0.057198281787438104,0,1,0.6420317329247962,0.6149593838521459,38.504061614785414,ATTENTION_PATTERN
P007,2026-01-01 07:19:00,0.9941634241245136,0.9588867015524921,1,0.05738391079780814,0,0.24637880741571305,0,0.05654254907828295,0,1,0.6464202284183954,0.6228245949937082,37.71754050062918,ATTENTION_PATTERN
P007,2026-01-01 07:24:00,0.9941634241245136,0.9569442695026078,1,0.05763698110390991,0,0.25859604321320445,0,0.05570183491831971,0,1,0.6477218205702551,0.629048901387845,37.095109861215505,ATTENTION_PATTERN
P007,2026-01-01 07:29:00,1.0,0.07689019505075198,0,0.057296058379824384,0,0.3003388770216832,0,0.05371242433501304,0,1,0.48325550246493465,0.5926005516571174,40.73994483428825,ATTENTION_PATTERN
P007,2026-01-01 07:34:00,0.9863813229571985,0.0581989166902525,0,0.0570265952146184,0,0.9777421890739912,1,0.06881157430948862,0,1,0.5700406394380669,0.5869605736023549,41.303942639764514,ATTENTION_PATTERN
P007,2026-01-01 07:39:00,0.9844357976653697,0.05824832410338707,0,0.05628006461993165,0,0.9776169648473758,1,0.10292995173006536,0,1,0.5719717620425029,0.5832133707123919,41.678662928760815,ATTENTION_PATTERN
P007,2026-01-01 07:44:00,0.9766536964980544,0.05839843229039617,0,0.055989264920348475,0,0.9772986976341862,1,0.1761982763218655,0,1,0.5750495854133969,0.5811724243876432,41.882757561235685,ATTENTION_PATTERN
P007,2026-01-01 07:49:00,0.9941634241245136,0.05799129704384253,0,0.05685055790032327,0,0.9780921294923279,1,0.07960177836425635,0,1,0.5741319661986705,0.5794123098403999,42.05876901596001,ATTENTION_PATTERN
P007,2026-01-01 07:54:00,0.9708171206225681,0.05805575595960129,0,0.058027950305754535,0,0.9754853407328742,1,0.05611475468255437,0,1,0.5637863306449754,0.5755058150415437,42.44941849584563,ATTENTION_PATTERN
P007,2026-01-01 07:59:00,0.8988326848249028,0.05865051994096396,0,0.058201555683012766,0,0.18950628520766802,0,0.05617341567197354,0,0,0.4228418762565543,0.5373398303452964,46.26601696547036,ATTENTION_PATTERN
P007,2026-01-01 08:04:00,0.8151750972762646,0.059446882995389534,0,0.05866524492874109,0,0.16875475712030896,0,0.05636528047505919,0,0,0.38571983984969405,0.4994348327213959,50.05651672786041,ATTENTION_PATTERN
P007,2026-01-01 08:09:00,0.8715953307392996,0.05898432640614426,0,0.058356472371602366,0,0.1835184664751168,0,0.05604906308416202,0,0,0.4108627982042109,0.4772918240920997,52.27081759079003,ATTENTION_PATTERN
P007,2026-01-01 08:14:00,0.9124513618677043,0.05870014354254929,0,0.0581748364374337,0,0.19463658936048406,0,0.056125801474972856,0,1,0.42917225157968814,0.4652619309639968,53.47380690360032,ATTENTION_PATTERN
P007,2026-01-01 08:19:00,0.8424124513618677,0.059130227064574166,0,0.05864116135676858,0,0.17557241978788332,0,0.055790876888014526,0,0,0.39778174200258,0.4483918837236426,55.160811627635745,ATTENTION_PATTERN
P007,2026-01-01 08:24:00,0.7470817120622568,0.05970792201676623,0,0.05932167086497923,0,0.1546846310321645,0,0.055572744032673836,0,0,0.35579041763350017,0.4252415172011069,57.475848279889306,ATTENTION_PATTERN
P007,2026-01-01 08:29:00,0.9571984435797666,0.05791108604036224,0,0.05885878159783138,0,0.2088551629916699,0,0.054490934287162236,0,1,0.44942156822616586,0.4312865299573716,56.87134700426284,ATTENTION_PATTERN
P007,2026-01-01 08:34:00,0.980544747081712,0.05721896218880569,0,0.05886382047491206,0,0.22541101695615726,0,0.9506909746287232,1,1,0.5365040584691312,0.4575909120853115,54.240908791468854,ATTENTION_PATTERN
P007,2026-01-01 08:39:00,0.9844357976653697,0.05680871454620737,0,0.0589856437785122,0,0.22734797026125514,0,0.9503781888420343,1,1,0.5382921285432856,0.477766216199805,52.22337838001949,ATTENTION_PATTERN
P007,2026-01-01 08:44:00,0.9066147859922179,0.057124566279529415,0,0.05884220599113946,0,0.1979844295019617,0,0.9497492932816937,1,1,0.5150443103788725,0.4870857397445719,51.291426025542805,ATTENTION_PATTERN
P007,2026-01-01 08:49:00,0.9513618677042801,0.0568584406326774,0,0.05855281735698038,0,0.2106386172293396,0,0.9496468095852327,1,1,0.5222019555914079,0.49586479370628095,50.4135206293719,ATTENTION_PATTERN
P007,2026-01-01 08:54:00,0.9747081712062257,0.056915467335388735,0,0.05941598932820649,0,0.21702148932543408,0,0.9503856239008507,1,1,0.5329324852550721,0.5051317165934788,49.486828340652124,ATTENTION_PATTERN
P007,2026-01-01 08:59:00,0.9961089494163424,0.05860692107226473,0,0.959100077088038,1,0.2202300705670518,0,0.9541460081067449,1,1,0.6939931312008412,0.5523470702453194,44.765292975468064,ATTENTION_PATTERN
P007,2026-01-01 09:04:00,0.9941634241245136,0.05907112737539233,0,0.958425984186108,1,0.21817701768304676,0,0.9555859550412552,1,1,0.6930028397472346,0.5875110126207982,41.24889873792018,ATTENTION_PATTERN
P007,2026-01-01 09:09:00,0.9863813229571985,0.05884319814361423,0,0.9577707710811757,1,0.21628450246842762,0,0.9557636919471498,1,1,0.689391841905292,0.6129812199419216,38.70187800580784,ATTENTION_PATTERN
P007,2026-01-01 09:14:00,0.9863813229571985,0.05795987094384182,0,0.9577201470065219,1,0.21962221413592645,0,0.9537384722567595,1,1,0.6895073661090518,0.6321127564837041,36.78872435162959,ATTENTION_PATTERN
P007,2026-01-01 09:19:00,0.9902723735408561,0.05661716589476471,0,0.9586532085756944,1,0.2212000994598582,0,0.9510290918975328,1,1,0.6909973790986961,0.6468339121374521,35.31660878625479,ATTENTION_PATTERN
P007,2026-01-01 09:24:00,0.9902723735408561,0.05628862183882088,0,0.060043829819196794,0,0.22320500421298695,0,0.9495080713624248,1,1,0.5401195297731285,0.6201553165463711,37.984468345362885,ATTENTION_PATTERN
P007,2026-01-01 09:29:00,0.9688715953307393,0.05717004407320426,0,0.05832175990062569,0,0.21502395500246752,0,0.9508497140965703,1,1,0.530153211262375,0.5976547902253722,40.234520977462786,ATTENTION_PATTERN
P007,2026-01-01 09:34:00,0.9610894941634242,0.05828587804675016,0,0.05786710443767712,0,0.2120881512541119,0,0.07042594051110121,0,1,0.45272269741653165,0.561421767023162,43.857823297683794,ATTENTION_PATTERN
P007,2026-01-01 09:39:00,0.4455252918287938,0.06240712660963739,0,0.05996974990366993,0,0.09907561981590711,0,0.05538257190864609,0,0,0.2243858578473218,0.477162789729202,52.2837210270798,ATTENTION_PATTERN
P007,2026-01-01 09:44:00,0.39883268482490275,0.062276404612539124,0,0.06025629756143262,0,0.09235952526124097,0,0.05480396021143882,0,0,0.20418216563657288,0.4089176337060447,59.10823662939553,ATTENTION_PATTERN
P007,2026-01-01 09:49:00,0.16536964980544747,0.06430095905631532,0,0.06141684334892374,0,0.06394019046308251,0,0.05560604297657789,0,0,0.10467584765236544,0.3328571871926249,66.71428128073751,WATCH_PATTERN
P007,2026-01-01 09:54:00,0.10505836575875487,0.06466429461810594,0,0.0617475253424974,0,0.05818313531191116,0,0.05535230550527867,0,0,0.0791270653014063,0.26942465671982024,73.05753432801798,WATCH_PATTERN
P007,2026-01-01 09:59:00,0.6206225680933852,0.0604309458424098,0,0.059356463121295416,0,0.13130189052096014,0,0.0528384358102621,0,0,0.30033354252496114,0.2771518781711055,72.28481218288945,WATCH_PATTERN
P007,2026-01-01 10:04:00,0.877431906614786,0.05888435028953367,0,0.05802769668391046,0,0.19197606905956302,0,0.052175960318575354,0,0,0.4140513615600365,0.31137674901833823,68.86232509816618,WATCH_PATTERN
P007,2026-01-01 10:09:00,0.830739299610895,0.0592509574475144,0,0.058074653896520965,0,0.18025585139629538,0,0.052797481475163936,0,0,0.39330512859341216,0.33185884391210674,66.81411560878932,WATCH_PATTERN
P007,2026-01-01 10:14:00,0.49416342412451364,0.06170268767458594,0,0.059349417109432104,0,0.10940421058784133,0,0.05421671114677615,0,0,0.24553055281653005,0.31027677113821256,68.97232288617874,WATCH_PATTERN
P007,2026-01-01 10:19:00,0.1867704280155642,0.06428670252789499,0,0.06060804076929645,0,0.06751432969534779,0,0.05572306214369077,0,0,0.1138645042645404,0.2611737044197945,73.88262955802055,WATCH_PATTERN
P007,2026-01-01 10:24:00,0.3560311284046693,0.06292804644122532,0,0.05981843057648952,0,0.08863782328765403,0,0.05503095654323558,0,0,0.18610011395195747,0.24240530680283523,75.75946931971647,WATCH_PATTERN
P007,2026-01-01 10:29:00,0.7198443579766537,0.06000503704979882,0,0.05818655454535616,0,0.15470132887688373,0,0.05325418762743219,0,0,0.34424374171522976,0.26786491553093383,73.21350844690662,WATCH_PATTERN
P007,2026-01-01 10:34:00,0.06614785992217899,0.06548623913570818,0,0.060834377251173195,0,0.05557364683354054,0,0.05600121305183943,0,0,0.06279280898978383,0.21659688889564632,78.34031111043537,WATCH_PATTERN
P007,2026-01-01 10:39:00,0.11867704280155641,0.06502187988114355,0,0.060541626086750296,0,0.060921463603097734,0,0.055785640924462844,0,0,0.08502522201560798,0.18370397217563675,81.62960278243632,STABLE_PATTERN
P007,2026-01-01 10:44:00,0.12840466926070038,0.0650354321010562,0,0.06027088346791156,0,0.061991574183449645,0,0.05623320533256504,0,0,0.08917758648344312,0.16007237575258834,83.99276242474116,STABLE_PATTERN
P007,2026-01-01 10:49:00,0.2237354085603113,0.06441504322913318,0,0.059606408801743484,0,0.07266165912594794,0,0.05662648843377993,0,0,0.12974747078452148,0.15249114951057163,84.75088504894283,STABLE_PATTERN
P007,2026-01-01 10:54:00,0.17898832684824903,0.06495282694700771,0,0.05957560170049863,0,0.06752290747819006,0,0.05665772041177047,0,0,0.1106951013903112,0.14204213748050654,85.79578625194935,STABLE_PATTERN
P007,2026-01-01 10:59:00,0.28793774319066145,0.06409927686923139,0,0.05891146394737234,0,0.08045203765360649,0,0.056341635764129094,0,0,0.15708691707977218,0.14580333238032295,85.4196667619677,STABLE_PATTERN
P007,2026-01-01 11:04:00,0.21011673151750973,0.06502085209027242,0,0.05916968419554561,0,0.07111073144001857,0,0.05720627819142149,0,0,0.12401351710944107,0.14035587856260248,85.96441214373975,STABLE_PATTERN
P007,2026-01-01 11:09:00,0.35797665369649806,0.06359414693673988,0,0.05846250804808489,0,0.0899646936101678,0,0.05596681653367767,0,0,0.18706880516888888,0.1520341102141741,84.79658897858259,STABLE_PATTERN
P007,2026-01-01 11:14:00,0.5486381322957199,0.062288781405420074,0,0.05748641638745587,0,0.12102269756075923,0,0.05577335198041719,0,0,0.26953336883925283,0.18140892487044377,81.85910751295562,STABLE_PATTERN
P007,2026-01-01 11:19:00,0.6809338521400778,0.061407350759903986,0,0.056748700469089364,0,0.14718156638298954,0,0.055665545171017516,0,0,0.3273956945974443,0.21790561730219388,78.20943826978062,WATCH_PATTERN
P007,2026-01-01 11:24:00,0.5311284046692607,0.06275417374733393,0,0.057378918439251594,0,0.11725340632153196,0,0.05625403308774512,0,0,0.2619051947403922,0.22890551166174347,77.10944883382565,WATCH_PATTERN
P007,2026-01-01 11:29:00,0.669260700389105,0.06133366631698877,0,0.05703430116716528,0,0.14497401025728557,0,0.054776701742297346,0,0,0.3222361741368978,0.25223817728053205,74.7761822719468,WATCH_PATTERN
P007,2026-01-01 11:34:00,0.22957198443579765,0.06441754975155152,0,0.05904568610541161,0,0.07374744301131982,0,0.05605710098302957,0,0,0.13216261110872113,0.22221928573757932,77.77807142624206,WATCH_PATTERN
P007,2026-01-01 11:39:00,0.25680933852140075,0.06432880034092818,0,0.05892126277253744,0,0.07745007841429241,0,0.05599908252817121,0,0,0.14385959839379264,0.20262936390163266,79.73706360983674,WATCH_PATTERN
P007,2026-01-01 11:44:00,0.2821011673151751,0.06436102453220284,0,0.05877807453499286,0,0.08041798560473427,0,0.0558578222290817,0,0,0.15466573331594835,0.19063845625521159,80.93615437447885,STABLE_PATTERN
P007,2026-01-01 11:49:00,0.03501945525291829,0.06625649528259865,0,0.05972572980166863,0,0.05393763300313981,0,0.056613817030786884,0,0,0.059126152506201776,0.15776038031795914,84.22396196820408,STABLE_PATTERN
P007,2026-01-01 11:54:00,0.27626459143968873,0.06445172946394129,0,0.05849303405361957,0,0.07951571326764967,0,0.05651269484108684,0,0,0.15215964659321457,0.156360196886773,84.3639803113227,STABLE_PATTERN
P007,2026-01-01 11:59:00,0.03696498054474708,0.06632111317435845,0,0.05955786245073025,0,0.05389088113065849,0,0.05744472898355296,0,0,0.05941115144012678,0.13212293552511145,86.78770644748886,STABLE_PATTERN
P008,2026-01-01 00:14:00,0.4805447470817121,0.061362883691330056,0,0.059318249563833726,0,0.10921529778143915,0,0.054037167226310835,0,0,0.2398062906643017,0.2398062906643017,76.01937093356983,WATCH_PATTERN
P008,2026-01-01 00:19:00,0.2918287937743191,0.06297953791382153,0,0.06029828825586184,0,0.08116161155738687,0,0.05466636678013984,0,0,0.15866216532067917,0.21952025932839608,78.0479740671604,WATCH_PATTERN
P008,2026-01-01 00:24:00,0.30739299610894943,0.06285017284717832,0,0.060238063878781535,0,0.08330862129284411,0,0.05477987890260723,0,0,0.16534925981538662,0.20597750945014373,79.40224905498563,WATCH_PATTERN
P008,2026-01-01 00:29:00,0.22178988326848248,0.06343058677662702,0,0.06063910049098976,0,0.07266380116245838,0,0.05486189254299705,0,0,0.1287785269336759,0.18667776382102677,81.33222361789733,STABLE_PATTERN
P008,2026-01-01 00:34:00,0.5642023346303502,0.06075206627987621,0,0.059104117087655,0,0.12445687269341445,0,0.05374873156706378,0,0,0.2762271141579974,0.20906510140526943,79.09348985947305,WATCH_PATTERN
P008,2026-01-01 00:39:00,0.23346303501945526,0.0632976919615761,0,0.060578940676773836,0,0.07404389185033186,0,0.0546067920800112,0,0,0.13372349547994988,0.19022969992393954,80.97703000760605,STABLE_PATTERN
P008,2026-01-01 00:44:00,0.4669260700389105,0.061324031105168104,0,0.05962273515148658,0,0.10750550813772886,0,0.05361188177096059,0,0,0.23396383966613654,0.20116323485948878,79.88367651405113,WATCH_PATTERN
P008,2026-01-01 00:49:00,0.5719844357976653,0.060671721183404394,0,0.05927533249351127,0,0.12597687650314499,0,0.05333935799883535,0,0,0.2796247695418377,0.22077861853007602,77.92213814699241,WATCH_PATTERN
P008,2026-01-01 00:54:00,0.5038910505836576,0.061144019902199954,0,0.059663073616739885,0,0.11336330104799112,0,0.05312643777897783,0,0,0.2499442200290633,0.22807001890482287,77.19299810951772,WATCH_PATTERN
P008,2026-01-01 00:59:00,0.25486381322957197,0.06311472451967978,0,0.06067457371227636,0,0.07653947375494675,0,0.05432591629919916,0,0,0.1428466087349286,0.20676416636234932,79.32358336376507,WATCH_PATTERN
P008,2026-01-01 01:04:00,0.603112840466926,0.06041987037674878,0,0.059158479978046415,0,0.1318083050090511,0,0.05301685552194617,0,0,0.2931699880676387,0.22836562178867167,77.16343782113283,WATCH_PATTERN
P008,2026-01-01 01:09:00,0.8054474708171206,0.05897878313838398,0,0.05848089048706935,0,0.17744020237077104,0,0.05171158368109046,0,0,0.38241439043472414,0.2668778139501848,73.31221860498151,WATCH_PATTERN
P008,2026-01-01 01:14:00,0.642023346303502,0.06019286767433061,0,0.05919371109712489,0,0.13903052516717407,0,0.052825775944228444,0,0,0.3101576029082481,0.2776977611897006,72.23022388102994,WATCH_PATTERN
P008,2026-01-01 01:19:00,0.8463035019455253,0.05851832694504015,0,0.058262063790545375,0,0.18710444963105774,0,0.052436679394962736,0,0,0.40053396561712085,0.30840681229655564,69.15931877034444,WATCH_PATTERN
P008,2026-01-01 01:24:00,0.5408560311284046,0.06089533178335431,0,0.059490491718113006,0,0.11937826507509589,0,0.053779154635279436,0,0,0.26599297856296,0.2978033538631567,70.21966461368433,WATCH_PATTERN
P008,2026-01-01 01:29:00,0.7392996108949417,0.05957158477507831,0,0.05877292369721299,0,0.16023380686896876,0,0.0527181833885346,0,0,0.3530023818520556,0.31160311086038145,68.83968891396187,WATCH_PATTERN
P008,2026-01-01 01:34:00,0.7237354085603113,0.059546305666139124,0,0.058795707523040024,0,0.15645151508655208,0,0.05274410037687825,0,0,0.3460614596450573,0.3202176980565504,67.97823019434496,WATCH_PATTERN
P008,2026-01-01 01:39:00,0.3852140077821012,0.06215823765025067,0,0.06059915317811887,0,0.09313556285436905,0,0.054221226136939284,0,0,0.19866540531471333,0.28982962487109115,71.01703751289088,WATCH_PATTERN
P008,2026-01-01 01:44:00,0.2898832684824903,0.06284092180711001,0,0.061180828964006735,0,0.08031664400858146,0,0.054274038850443455,0,0,0.15783045597957135,0.2568298326482112,74.31701673517888,WATCH_PATTERN
P008,2026-01-01 01:49:00,0.08171206225680934,0.06434647824211875,0,0.062097688493176095,0,0.057440576876888756,0,0.05483238585130034,0,0,0.06935729222638796,0.20996169754275537,79.00383024572446,WATCH_PATTERN
P008,2026-01-01 01:54:00,0.21206225680933852,0.06321370247849348,0,0.061530531531025105,0,0.0711348078983488,0,0.05390652040380538,0,0,0.12458368560813289,0.18861719455909975,81.13828054409002,STABLE_PATTERN
P008,2026-01-01 01:59:00,0.6108949416342413,0.060211240414654234,0,0.059924217603270956,0,0.1324680601973163,0,0.05238937547488978,0,0,0.2965036235994442,0.21558880181918588,78.44111981808142,WATCH_PATTERN
P008,2026-01-01 02:04:00,0.4474708171206226,0.06144207208178578,0,0.06064619327198554,0,0.10299026170880762,0,0.05306301977213226,0,0,0.22546511355151228,0.21805787975226748,78.19421202477326,WATCH_PATTERN
P008,2026-01-01 02:09:00,0.44357976653696496,0.06143124241003177,0,0.0606687101426975,0,0.10202348082648277,0,0.05291345807079914,0,0,0.2237157484232237,0.21947234692000656,78.05276530799934,WATCH_PATTERN
P008,2026-01-01 02:14:00,0.23735408560311283,0.06305717282499913,0,0.06139918887109921,0,0.07343181744523285,0,0.05365644121183032,0,0,0.13525174837665332,0.19841719728416823,80.15828027158318,STABLE_PATTERN
P008,2026-01-01 02:19:00,0.23540856031128404,0.06317309926948467,0,0.061820891384360116,0,0.07313381235842971,0,0.05362054466884799,0,0,0.13449902354000393,0.18243765384812716,81.75623461518728,STABLE_PATTERN
P008,2026-01-01 02:24:00,0.7723735408560312,0.05904574079976428,0,0.05939750205643416,0,0.16711072792451287,0,0.05149235548375695,0,0,0.36749050414498696,0.2287008664223421,77.12991335776579,WATCH_PATTERN
P008,2026-01-01 02:29:00,0.7645914396887159,0.058928489088002675,0,0.059555577655586195,0,0.16506134206310036,0,0.05128416224742996,0,0,0.3639834515767561,0.2625215127109456,73.74784872890544,WATCH_PATTERN
P008,2026-01-01 02:34:00,0.5136186770428015,0.06078260157331716,0,0.06073012407460574,0,0.1130386777570411,0,0.05206264439186908,0,0,0.25392562270944086,0.26037254021056944,73.96274597894306,WATCH_PATTERN
P008,2026-01-01 02:39:00,0.8443579766536965,0.058237737836148815,0,0.059137402132336356,0,0.1841336331348672,0,0.05153957375214524,0,0,0.39933319938950224,0.2951127050053026,70.48872949946974,WATCH_PATTERN
P008,2026-01-01 02:44:00,0.1517509727626459,0.06364179644529645,0,0.062328307561748904,0,0.06323042332893773,0,0.054228383072441586,0,0,0.09887379199599841,0.24605297675297658,75.39470232470235,WATCH_PATTERN
P008,2026-01-01 02:49:00,0.09533073929961089,0.06403778224450753,0,0.06249483294385486,0,0.05765354633648443,0,0.05447204012352189,0,0,0.07497394970341444,0.20328321999058604,79.6716780009414,WATCH_PATTERN
P008,2026-01-01 02:54:00,0.11089494163424124,0.06406128853035159,0,0.06239884726947717,0,0.059154395887281726,0,0.05446147512685293,0,0,0.08158411418140356,0.1728584435382904,82.71415564617097,STABLE_PATTERN
P008,2026-01-01 02:59:00,0.007782101167315175,0.06461000293899284,0,0.06283565783650559,0,0.050099135673744376,0,0.05434827593650583,0,0,0.05505368147800338,0.14340725302321866,85.65927469767813,STABLE_PATTERN
P008,2026-01-01 03:04:00,0.04669260700389105,0.06430983698862015,0,0.06276911980759171,0,0.0533199166802761,0,0.054667027545765974,0,0,0.059729281907549794,0.12248776024430144,87.75122397556986,STABLE_PATTERN
P008,2026-01-01 03:09:00,0.7490272373540856,0.058808845062439774,0,0.059427474191150416,0,0.15977063096948388,0,0.05227576970153482,0,0,0.3568686240768914,0.18108297620244895,81.8917023797551,STABLE_PATTERN
P008,2026-01-01 03:14:00,0.8832684824902723,0.05795111084244741,0,0.058996391834086746,0,0.19307210751892967,0,0.05174020747801836,0,0,0.4165526988200422,0.23995040685684726,76.00495931431527,WATCH_PATTERN
P008,2026-01-01 03:19:00,0.5428015564202334,0.060435805402285915,0,0.06044172326694862,0,0.11683034075405908,0,0.05290460587005938,0,0,0.26643410321148486,0.24657133094550668,75.34286690544934,WATCH_PATTERN
P008,2026-01-01 03:24:00,0.39299610894941633,0.06172157910309317,0,0.061379524370399945,0,0.09207459159024226,0,0.05344013748046461,0,0,0.20170300085658593,0.2353542484232765,76.46457515767236,WATCH_PATTERN
P008,2026-01-01 03:29:00,0.14396887159533073,0.06375676428729539,0,0.06244923086225279,0,0.06138695274418772,0,0.05424927287774998,0,0,0.09545408398836189,0.20037920731454786,79.96207926854521,WATCH_PATTERN
P008,2026-01-01 03:34:00,0.013618677042801557,0.06465252909581401,0,0.06310674530552296,0,0.049832188260592644,0,0.054891301985879534,0,0,0.05578225519494223,0.16422996928464645,83.57700307153534,STABLE_PATTERN
P008,2026-01-01 03:39:00,0.05252918287937743,0.06429774241931675,0,0.06281594017654649,0,0.05318717994803504,0,0.054348968068519125,0,0,0.060339545182611705,0.13825736325913776,86.17426367408623,STABLE_PATTERN
P008,2026-01-01 03:44:00,0.9844357976653697,0.057502350591128897,0,0.0581863990050764,0,0.21920866376077022,0,0.05165612412945548,0,1,0.46166165174022844,0.21910843537941044,78.08915646205897,WATCH_PATTERN
P008,2026-01-01 03:49:00,0.9922178988326849,0.0590127962454517,0,0.9551714613880108,1,0.24076691031750835,0,0.05497726226634231,0,1,0.6191545453711844,0.31911996287735395,68.0880037122646,WATCH_PATTERN
P008,2026-01-01 03:54:00,0.9961089494163424,0.059779925091157045,0,0.9589570320646792,1,0.9784545200159789,1,0.056853368464963985,0,1,0.72497784961756,0.42058443456240546,57.941556543759454,ATTENTION_PATTERN
P008,2026-01-01 03:59:00,0.9941634241245136,0.05988866908608304,0,0.9581706987934435,1,0.9787321183904897,1,0.056094644358468594,0,1,0.7240406339782502,0.4964484844163667,50.35515155836333,ATTENTION_PATTERN
P008,2026-01-01 04:04:00,0.9922178988326849,0.05995798915524078,0,0.957665186809792,1,0.9786023809782863,1,0.055967284443622145,0,1,0.7231388768077627,0.5531210825142157,44.68789174857844,ATTENTION_PATTERN
P008,2026-01-01 04:09:00,0.9863813229571985,0.059869029063995875,0,0.9574747863330608,1,0.9784118736335369,1,0.05581685831729034,0,1,0.7206454772662108,0.5950021812022144,40.49978187977856,ATTENTION_PATTERN
P008,2026-01-01 04:14:00,0.9863813229571985,0.05991027444420797,0,0.957562770117555,1,0.9783916141157657,1,0.055843049918947035,0,1,0.7206677063985785,0.6264185625013055,37.358143749869456,ATTENTION_PATTERN
P008,2026-01-01 04:19:00,0.9863813229571985,0.05982894434913462,0,0.9575948143113103,1,0.9784604941950217,1,0.05581296513636202,0,1,0.7206642652138537,0.6499799881794426,35.00200118205574,ATTENTION_PATTERN
P008,2026-01-01 04:24:00,0.9863813229571985,0.05972667370980199,0,0.957658361359446,1,0.9783954525697763,1,0.0555247755194955,0,1,0.7206215823172801,0.667640386713902,33.2359613286098,ATTENTION_PATTERN
P008,2026-01-01 04:29:00,0.9961089494163424,0.05849015170289702,0,0.9583150872564483,1,0.9788801735279445,1,0.05503488506796875,0,1,0.7245240461920057,0.6818613015834278,31.813869841657215,ATTENTION_PATTERN
P008,2026-01-01 04:34:00,1.0,0.057247975239255455,0,0.9570366697098417,1,0.9789319346282533,1,0.0537598313683524,0,1,0.7255690603410445,0.6927882412728319,30.72117587271681,ATTENTION_PATTERN
P008,2026-01-01 04:39:00,0.9961089494163424,0.05692473806183106,0,0.06100497479476515,0,0.6903484855872799,1,0.053011571768528255,0,1,0.5329047315959481,0.6528173638536109,34.718263614638914,ATTENTION_PATTERN
P008,2026-01-01 04:44:00,0.754863813229572,0.058488331095335105,0,0.05972989417159567,0,0.1579446365446886,0,0.0512244531012938,0,0,0.35891732934286247,0.5793423552259238,42.06576447740762,ATTENTION_PATTERN
P008,2026-01-01 04:49:00,0.8326848249027238,0.057915935110142786,0,0.059169064143014614,0,0.17736617186187498,0,0.0507330121298,0,0,0.3934509109971023,0.5328694941687184,46.71305058312816,ATTENTION_PATTERN
P008,2026-01-01 04:54:00,0.7704280155642024,0.058153583695066895,0,0.05948413733220185,0,0.16252040436743423,0,0.05076546448041865,0,0,0.36582493551629036,0.4911083545056114,50.88916454943886,ATTENTION_PATTERN
P008,2026-01-01 04:59:00,0.6828793774319066,0.05877026179233541,0,0.05961583118919969,0,0.14319500001115593,0,0.05145145306582431,0,0,0.32724995651211986,0.4501437550072385,54.985624499276156,ATTENTION_PATTERN
P008,2026-01-01 05:04:00,0.5894941634241245,0.05952117690148523,0,0.060001762425592416,0,0.12414491105340593,0,0.05224852121898998,0,0,0.2863872054208019,0.4092046176106294,59.079538238937054,ATTENTION_PATTERN
P008,2026-01-01 05:09:00,0.5291828793774319,0.06009951849339095,0,0.06014697663300095,0,0.11231137096584491,0,0.05288245984529865,0,0,0.2600732625647741,0.37192177884916555,62.80782211508345,WATCH_PATTERN
P008,2026-01-01 05:14:00,0.6400778210116731,0.059292817375948145,0,0.05945944046859362,0,0.13209034888614482,0,0.052881043042825704,0,0,0.3082572969208765,0.3560056583670933,64.39943416329066,WATCH_PATTERN
P008,2026-01-01 05:19:00,0.5116731517509727,0.06046661992443298,0,0.06027143726587935,0,0.10796482019098223,0,0.05378826478288803,0,0,0.2524196865557574,0.3301091654142593,66.98908345857407,WATCH_PATTERN
P008,2026-01-01 05:24:00,0.2529182879377432,0.062364321645981415,0,0.06119325379481911,0,0.07193131875312181,0,0.05487079657054166,0,0,0.1413857398478547,0.28292830902265814,71.70716909773418,WATCH_PATTERN
P008,2026-01-01 05:29:00,0.22568093385214008,0.06250456515528816,0,0.061463461220343275,0,0.06903657801487063,0,0.055063170773082516,0,0,0.12984772826955668,0.24465816383438277,75.53418361656172,WATCH_PATTERN
P008,2026-01-01 05:34:00,0.35992217898832685,0.061359959645467844,0,0.060656374097605936,0,0.08576085183320539,0,0.05404068923025031,0,0,0.18705069783408995,0.23025629733430958,76.97437026656904,WATCH_PATTERN
P008,2026-01-01 05:39:00,0.7042801556420234,0.05888138573696756,0,0.059052301794382284,0,0.14533818649797742,0,0.05338591244407872,0,0,0.3364567251854349,0.2568064042970909,74.31935957029091,WATCH_PATTERN
P008,2026-01-01 05:44:00,0.7178988326848249,0.05895443496959711,0,0.059151994565843594,0,0.1475949720192907,0,0.053414780503035386,0,0,0.34241706105220626,0.27820906848586974,72.17909315141301,WATCH_PATTERN
P008,2026-01-01 05:49:00,0.2198443579766537,0.0627455154686065,0,0.06125043191802836,0,0.0679077658310437,0,0.05586863893349068,0,0,0.1273641219672163,0.24049783185620638,75.95021681437937,WATCH_PATTERN
P008,2026-01-01 05:54:00,0.4377431906614786,0.061094698506389496,0,0.060280755901627445,0,0.09579229073253409,0,0.05509666272034944,0,0,0.22049096282231906,0.23549611459773456,76.45038854022654,WATCH_PATTERN
P008,2026-01-01 05:59:00,0.32490272373540857,0.06213780800929074,0,0.06026674860985001,0,0.0808318313427534,0,0.05618607776826907,0,0,0.1721998332357842,0.21967204425724696,78.0327955742753,WATCH_PATTERN
P008,2026-01-01 06:04:00,0.4785992217898833,0.06089218717029807,0,0.05960044017787944,0,0.10296128868803811,0,0.05550414065963444,0,0,0.2382075502444287,0.22430592075404238,77.56940792459577,WATCH_PATTERN
P008,2026-01-01 06:09:00,0.3463035019455253,0.06188569625964067,0,0.06037342254929864,0,0.0831570428324854,0,0.05586473704251559,0,0,0.18128399816484742,0.21355044010674365,78.64495598932564,WATCH_PATTERN
P008,2026-01-01 06:14:00,0.24708171206225682,0.06286877521489323,0,0.06104161651944523,0,0.07029224797601127,0,0.05632725228959465,0,0,0.13894734079600318,0.19489966527905855,80.51003347209415,STABLE_PATTERN
P008,2026-01-01 06:19:00,0.19066147859922178,0.06322329606012131,0,0.061505398633584715,0,0.0639416924884302,0,0.05650565855413345,0,0,0.1149755144480328,0.1749186275713021,82.50813724286978,STABLE_PATTERN
P008,2026-01-01 06:24:00,0.3949416342412451,0.06173520459225773,0,0.06059462946815534,0,0.08851960608427852,0,0.055910359747314536,0,0,0.20208516622869901,0.18171026223565132,81.82897377643486,STABLE_PATTERN
P008,2026-01-01 06:29:00,0.546692607003891,0.060512116148971944,0,0.06004708904230975,0,0.1124733030495984,0,0.05501244731947538,0,0,0.2675529478116893,0.20317093362966082,79.68290663703392,WATCH_PATTERN
P008,2026-01-01 06:34:00,0.5019455252918288,0.060912564908343715,0,0.060178975098888796,0,0.1049154652201402,0,0.055437660017556324,0,0,0.2481954155311765,0.21442705410503976,78.55729458949602,WATCH_PATTERN
P008,2026-01-01 06:39:00,0.4494163424124514,0.0613672341075372,0,0.06047698406334078,0,0.09696544143063748,0,0.05599645671666481,0,0,0.22562650844613757,0.21722691769031421,78.27730823096857,WATCH_PATTERN
P008,2026-01-01 06:44:00,0.5622568093385214,0.0604987732337692,0,0.060020308558414684,0,0.11546453920192255,0,0.055734038886320156,0,0,0.27443767159382326,0.23152960616619148,76.84703938338086,WATCH_PATTERN
P008,2026-01-01 06:49:00,0.9766536964980544,0.05727347855450006,0,0.05891241025041452,0,0.21159787886746104,0,0.9507625075941691,1,1,0.5329919633553049,0.3068951954634698,69.31048045365303,WATCH_PATTERN
P008,2026-01-01 06:54:00,0.9766536964980544,0.05708745246872315,0,0.05934654953291253,0,0.21163017651000565,0,0.9516054696924551,1,1,0.5331037681281644,0.3634473386296435,63.655266137035646,WATCH_PATTERN
P008,2026-01-01 06:59:00,0.9552529182879378,0.05679429348287298,0,0.059452634792358,0,0.20573477927729655,0,0.950131713467647,1,1,0.5232978595324935,0.403409968855356,59.65900311446439,ATTENTION_PATTERN
P008,2026-01-01 07:04:00,0.953307392996109,0.05662672222453951,0,0.059602834838363296,0,0.20456639050826173,0,0.9498775396390287,1,1,0.5223037677240867,0.4331334185725387,56.68665814274614,ATTENTION_PATTERN
P008,2026-01-01 07:09:00,0.9396887159533074,0.05650815890793476,0,0.05975020498018754,0,0.2024357915383281,0,0.9493824075327261,1,1,0.5192626250773299,0.4546657201987365,54.53342798012635,ATTENTION_PATTERN
P008,2026-01-01 07:14:00,0.9299610894941635,0.056404345835649065,0,0.06000080965572137,0,0.20031916878846273,0,0.9492871074196226,1,1,0.5178619627088146,0.47046478082625603,52.95352191737439,ATTENTION_PATTERN
P008,2026-01-01 07:19:00,0.9202334630350194,0.05643752088856213,0,0.06023083932747962,0,0.19817058025036677,0,0.9486889882185102,1,1,0.5162871356720561,0.481920369537706,51.807963046229396,ATTENTION_PATTERN
P008,2026-01-01 07:24:00,0.9377431906614786,0.0561125060651933,0,0.06027131788664827,0,0.20323770385467507,0,0.9480697219074754,1,1,0.5186629216999454,0.4911060075782659,50.88939924217342,ATTENTION_PATTERN
P008,2026-01-01 07:29:00,0.9416342412451362,0.05599165879400595,0,0.060369141469094306,0,0.2048653834829242,0,0.9479278466342621,1,1,0.5192648627050542,0.498145721359963,50.18542786400371,ATTENTION_PATTERN
P008,2026-01-01 07:34:00,0.9202334630350194,0.05604030492942777,0,0.060568700737959995,0,0.19847462501228066,0,0.9480601484322811,1,1,0.5160671338497825,0.5026260744824179,49.737392551758205,ATTENTION_PATTERN
P008,2026-01-01 07:39:00,0.953307392996109,0.05575944744393319,0,0.0602846392822914,0,0.20774367807770117,0,0.9477865550932422,1,1,0.5225175025715433,0.5075989315046993,49.24010684953007,ATTENTION_PATTERN
P008,2026-01-01 07:44:00,0.9416342412451362,0.0562663259043406,0,0.05980144469299276,0,0.20485037768566355,0,0.9481003984045208,1,1,0.5192874834684577,0.5105210694956388,48.94789305043612,ATTENTION_PATTERN
P008,2026-01-01 07:49:00,0.953307392996109,0.05637742787146742,0,0.05984801325894583,0,0.2090428053257863,0,0.9484527246179948,1,1,0.5228031096182291,0.5135915795262864,48.64084204737136,ATTENTION_PATTERN
P008,2026-01-01 07:54:00,0.9727626459143969,0.05666420146642534,0,0.06019921011267339,0,0.21217701132713795,0,0.9498951919967372,1,1,0.5314938386166053,0.5180671442988661,48.19328557011339,ATTENTION_PATTERN
P008,2026-01-01 07:59:00,0.9727626459143969,0.05706702004848549,0,0.059520777756775396,0,0.21802743070669273,0,0.9465571148177698,1,1,0.5319974746530025,0.5215497268874003,47.84502731125997,ATTENTION_PATTERN
P008,2026-01-01 08:04:00,0.9591439688715954,0.057997569127013496,0,0.05870874762642725,0,0.21008166480126597,0,0.05469270291115826,0,1,0.4504035284419462,0.5037631772760368,49.623682272396316,ATTENTION_PATTERN
P008,2026-01-01 08:09:00,0.8638132295719845,0.058763888809048884,0,0.05893916409889728,0,0.18381586365963495,0,0.0547993831250841,0,0,0.4076479214537019,0.4797343633204531,52.02656366795468,ATTENTION_PATTERN
P008,2026-01-01 08:14:00,0.8540856031128404,0.058804704360570725,0,0.05895202279498468,0,0.17947866110839578,0,0.05505304619502913,0,0,0.4030643988022774,0.4605668721909092,53.94331278090908,ATTENTION_PATTERN
P008,2026-01-01 08:19:00,0.7898832684824902,0.05925271276336799,0,0.05918048730491896,0,0.16325128140052575,0,0.055052594252892856,0,0,0.3744673574969491,0.4390419935174191,56.095800648258084,ATTENTION_PATTERN
P008,2026-01-01 08:24:00,0.8132295719844358,0.059220017138097956,0,0.05907127462976578,0,0.16867478794817303,0,0.05486773577253726,0,0,0.38480504127209275,0.42548275545608755,57.45172445439124,ATTENTION_PATTERN
P008,2026-01-01 08:29:00,0.7159533073929961,0.060237962340426374,0,0.05932877911840997,0,0.1457442344868883,0,0.05590717823029063,0,0,0.3418470339560396,0.40457382508107553,59.54261749189244,ATTENTION_PATTERN
P008,2026-01-01 08:34:00,0.6867704280155642,0.06030752487044105,0,0.059455302081274225,0,0.14063345424677107,0,0.05596464325202835,0,0,0.3291478955943913,0.3857173427094045,61.42826572905955,WATCH_PATTERN
P008,2026-01-01 08:39:00,0.8891050583657587,0.058763646204009076,0,0.05856966183768909,0,0.18902862889825,0,0.05526734194216185,0,0,0.4187751266603067,0.3939817886971301,60.60182113028699,WATCH_PATTERN
P008,2026-01-01 08:44:00,0.2840466926070039,0.06356378941258957,0,0.06116419560683738,0,0.07539046714683727,0,0.05728446815198633,0,0,0.15512788566622587,0.33426831293940407,66.57316870605959,WATCH_PATTERN
P008,2026-01-01 08:49:00,0.33657587548638135,0.06310629093458099,0,0.06077427815399852,0,0.08226478851948099,0,0.057323056907178996,0,0,0.1775803796263691,0.29509632961114535,70.49036703888547,WATCH_PATTERN
P008,2026-01-01 08:54:00,0.5875486381322957,0.061143020079492995,0,0.059677560263937654,0,0.12164774199488983,0,0.056119098849152955,0,0,0.28582458915304143,0.29277839449661935,70.72216055033806,WATCH_PATTERN
P008,2026-01-01 08:59:00,0.9747081712062257,0.057424884550800664,0,0.05863205417740606,0,0.21431313988327355,0,0.9505070543109403,1,1,0.5325316611565033,0.3527167111615903,64.72832888384097,WATCH_PATTERN
P008,2026-01-01 09:04:00,0.9766536964980544,0.0567922291028131,0,0.05913278621342108,0,0.21706557336298649,0,0.9496968162192428,1,1,0.533610620778439,0.3979401885658025,60.20598114341975,WATCH_PATTERN
P008,2026-01-01 09:09:00,0.8560311284046692,0.056878022324467634,0,0.05960134694390646,0,0.1842331870740323,0,0.9484511593720093,1,0,0.5070344964327109,0.4252137655325296,57.47862344674704,ATTENTION_PATTERN
P008,2026-01-01 09:14:00,0.9260700389105059,0.0565764732056669,0,0.059163302572650456,0,0.20444901113794905,0,0.9482527266192456,1,1,0.5175001765195959,0.44828536827929616,55.171463172070375,ATTENTION_PATTERN
P008,2026-01-01 09:19:00,0.953307392996109,0.05643939563835931,0,0.058937101578025876,0,0.21237923054459168,0,0.9483391946285822,1,1,0.5231197851496674,0.46699397249688895,53.3006027503111,ATTENTION_PATTERN
P008,2026-01-01 09:24:00,0.9552529182879378,0.0565171069541217,0,0.058788623212770286,0,0.21322933364783425,0,0.9481266910538829,1,1,0.5240127927566065,0.4812486775618183,51.875132243818165,ATTENTION_PATTERN
P008,2026-01-01 09:29:00,0.9552529182879378,0.056672835207102354,0,0.05865591682741276,0,0.2145417690004816,0,0.9483069356212712,1,1,0.524219902314482,0.49199148374998425,50.80085162500158,ATTENTION_PATTERN
P008,2026-01-01 09:34:00,0.9455252918287937,0.05666868144215105,0,0.058724096927697124,0,0.21146283653745768,0,0.9481828085935298,1,1,0.5205785381464991,0.499138247349113,50.0861752650887,ATTENTION_PATTERN
P008,2026-01-01 09:39:00,0.953307392996109,0.056310715675256265,0,0.05874012830049286,0,0.21352864536565402,0,0.9478635372383366,1,1,0.5231824352204417,0.5051492943169451,49.48507056830549,ATTENTION_PATTERN
P008,2026-01-01 09:44:00,0.9299610894941635,0.056499776273061006,0,0.05896408428585881,0,0.20767303507700052,0,0.9478954567869046,1,1,0.5182016446498419,0.5084123819001694,49.15876180998306,ATTENTION_PATTERN
P008,2026-01-01 09:49:00,0.953307392996109,0.05628285533205938,0,0.058836791234859055,0,0.21465281260936817,0,0.94749051971514,1,1,0.5233192639083202,0.5121391024022071,48.786089759779294,ATTENTION_PATTERN
P008,2026-01-01 09:54:00,0.9688715953307393,0.05642509264946895,0,0.05880779092592573,0,0.21714935531784743,0,0.9482139571016666,1,1,0.5301650064521546,0.5166455784146939,48.335442158530604,ATTENTION_PATTERN
P008,2026-01-01 09:59:00,0.9688715953307393,0.05701737111104104,0,0.05835227042834606,0,0.21681783095327356,0,0.9495356004857373,1,1,0.530269170220251,0.5200514763660832,47.99485236339168,ATTENTION_PATTERN
P008,2026-01-01 10:04:00,0.9416342412451362,0.05823782547370414,0,0.05774447429842465,0,0.20917399545596388,0,0.17207714083338155,0,1,0.4528078320618164,0.5032405652900165,49.67594347099835,ATTENTION_PATTERN
P008,2026-01-01 10:09:00,0.18482490272373542,0.06391997049108322,0,0.061154915054927886,0,0.06666835798738635,0,0.054332679097146584,0,0,0.11284771503005359,0.40564235272502575,59.43576472749743,ATTENTION_PATTERN
P008,2026-01-01 10:14:00,0.5,0.061913094192394755,0,0.05939934293281715,0,0.10982459085586223,0,0.054805481933712555,0,0,0.24809315927667522,0.36625505436293815,63.374494563706186,WATCH_PATTERN
P008,2026-01-01 10:19:00,0.914396887159533,0.05898772478874232,0,0.05691585217779715,0,0.20300555806835946,0,0.053929946233344093,0,1,0.43080586834736223,0.38239275785904414,61.76072421409559,WATCH_PATTERN
P008,2026-01-01 10:24:00,0.7315175097276264,0.06054101720083507,0,0.057355441362926224,0,0.1570629445307473,0,0.05532099892304116,0,0,0.34952274367195746,0.37417525431227244,62.58247456877275,WATCH_PATTERN
P008,2026-01-01 10:29:00,0.5933852140077821,0.06171690236965835,0,0.057878326297514354,0,0.12838072070403292,0,0.05585072904971706,0,0,0.2889595419923825,0.35287132623229994,64.71286737677,WATCH_PATTERN
P008,2026-01-01 10:34:00,0.43190661478599224,0.06288214969293891,0,0.058626997258891304,0,0.10058728275081777,0,0.05597183743730552,0,0,0.21890361610098674,0.31937939869947163,68.06206013005284,WATCH_PATTERN
P008,2026-01-01 10:39:00,0.1575875486381323,0.06488711760257479,0,0.05987161202397797,0,0.06510580532310094,0,0.05678993889361295,0,0,0.10158754352134108,0.264931434904939,73.50685650950611,WATCH_PATTERN
P008,2026-01-01 10:44:00,0.26848249027237353,0.06441467897848115,0,0.05937533091221664,0,0.07768270560214122,0,0.05711990237264525,0,0,0.14888876924885455,0.23592076849091786,76.4079231509082,WATCH_PATTERN
P008,2026-01-01 10:49:00,0.29377431906614787,0.0642542256377697,0,0.05938377375727473,0,0.08106157535317782,0,0.05705867080986925,0,0,0.15974687056895184,0.21687729401042635,78.31227059895737,WATCH_PATTERN
P008,2026-01-01 10:54:00,0.4046692607003891,0.06304918486475918,0,0.058943563448759985,0,0.09666318989150645,0,0.05565560260205882,0,0,0.20719181150482863,0.21445592338402691,78.55440766159731,WATCH_PATTERN
P008,2026-01-01 10:59:00,0.4883268482490272,0.06227916569079101,0,0.058505309089753446,0,0.11022204996713987,0,0.055019069772519885,0,0,0.24327895873736408,0.2216616822223612,77.83383177776389,WATCH_PATTERN
P008,2026-01-01 11:04:00,0.9727626459143969,0.05962334424495077,0,0.05596950695018856,0,0.22268785960226958,0,0.05417117556395517,0,1,0.45759394184806346,0.2806447471287868,71.93552528712132,WATCH_PATTERN
P008,2026-01-01 11:09:00,0.9922178988326849,0.9597380246305471,1,0.05615035905664473,0,0.22346547055335067,0,0.05644189416050021,0,1,0.6423619724551208,0.3710740534603703,62.89259465396297,WATCH_PATTERN
P008,2026-01-01 11:14:00,0.9922178988326849,0.9587980894475251,1,0.05701528767254996,0,0.21503755752686127,0,0.05618720786670354,0,1,0.641121751694333,0.438585978018861,56.1414021981139,ATTENTION_PATTERN
P008,2026-01-01 11:19:00,0.9766536964980544,0.9580731598131808,1,0.057346420235297825,0,0.20537417742058153,0,0.05580144987399304,0,1,0.6332375675084086,0.48724887539124795,51.27511246087521,ATTENTION_PATTERN
P008,2026-01-01 11:24:00,0.9785992217898832,0.958071872152888,1,0.057442274526885696,0,0.20708025626644475,0,0.05589053110277624,0,1,0.6343013089298501,0.5240119837758985,47.59880162241015,ATTENTION_PATTERN
P008,2026-01-01 11:29:00,0.9844357976653697,0.9581391182783269,1,0.057350428694709674,0,0.20914540038045865,0,0.0560390402921234,0,1,0.6370053232791981,0.5522603186517234,44.773968134827655,ATTENTION_PATTERN
P008,2026-01-01 11:34:00,0.9863813229571985,0.958046760717205,1,0.05774850183316156,0,0.20980066670181843,0,0.05585847837419481,0,1,0.6379322239885961,0.5736782949859416,42.63217050140584,ATTENTION_PATTERN
P008,2026-01-01 11:39:00,0.9863813229571985,0.9578126895943513,1,0.057811173999191855,0,0.20871234556013604,0,0.055688344725851636,0,1,0.6377302187861135,0.5896912759359846,41.03087240640154,ATTENTION_PATTERN
P008,2026-01-01 11:44:00,0.9863813229571985,0.9577326247528284,1,0.05707082356298224,0,0.20955230346957948,0,0.05571370971974754,0,1,0.6377098719707011,0.6016959249446637,39.83040750553363,ATTENTION_PATTERN
P008,2026-01-01 11:49:00,0.9922178988326849,0.9570522899948005,1,0.05691054355571648,0,0.21493388585950993,0,0.053867288868588825,0,1,0.6405525907607003,0.6114100913986729,38.858990860132714,ATTENTION_PATTERN
P008,2026-01-01 11:54:00,0.9922178988326849,0.9570481077654118,1,0.05593919943284845,0,0.22072373919254312,0,0.053136552981346286,0,1,0.6411377828831946,0.6188420142698032,38.115798573019674,ATTENTION_PATTERN
P008,2026-01-01 11:59:00,0.9785992217898832,0.05896368698574975,0,0.05528528036171624,0,0.22472168765091188,0,0.054134624398259,0,1,0.4600360338479885,0.5791405191643495,42.08594808356505,ATTENTION_PATTERN
